"Genus","Species","type","thermal_limit","metric","collection_latitude","absolute_latitude","collection_longitude","elevation","acclimation_temperature","start_temp","ramping_rate","exposure_duration","Phylum","Class","Order","Family","realm","thermy","genus_species","reference","extreme_enviro_temp","acclimation_offset","acc_name","ARR_equ_slope","ARR_equ_int"
"Acanthodactylus","erythrurus","max",46.3,"ct",36.97,36.97,-2.4,585,35,32.5,1,NA,"Chordata","Lepidosauria","Squamata","Lacertidae","Terrestrial","ectotherm","Acanthodactylus_erythrurus","Bauwens_et_al_1995",31.66473579,3.33526421,NA,0.280388760584549,36.4863933795408
"Acar","domingensis","max",39,"ct",-7.89,7.89,-14.38,0,26,26.1,0.017,NA,"Mollusca","Bivalvia","Arcoida","Arcidae","Marine","ectotherm","Acar_domingensis","Morley_et_al_2016",29.18999863,-3.18999863,NA,0.280388760584549,31.7098922248017
"Acris","crepitans","min",-1,"LT50",29.95,29.95,NA,304.8,23,NA,NA,24,"Chordata","Amphibia","Anura","Hylidae","Terrestrial","ectotherm","Acris_crepitans","Brattstrom_1968",NA,NA,NA,0.170907369055759,-4.93086948828246
"Adelotus","brevis","max",31.2,"ct",-33.43,33.43,151.35,304.8,5,20,1,NA,"Chordata","Amphibia","Anura","Myobatrachidae","Terrestrial","ectotherm","Adelotus_brevis","Brattstrom_1970",25.52132607,-20.52132607,NA,0.280388760584549,29.7980561970773
"Agroeca","proxima","max",37.4,"ct",55.4,55.4,14.19,3,15,15,0.5,NA,"Arthropoda","Arachnida","Araneae","Liocranidae","Terrestrial","ectotherm","Agroeca_proxima","Almquist_1970",20.58191681,-5.58191681,NA,0.280388760584549,33.1941685912318
"Agroeca","proxima","min",-6.7,"LT50",55.4,55.4,14.19,3,4,0.02,NA,72,"Arthropoda","Arachnida","Araneae","Liocranidae","Terrestrial","ectotherm","Agroeca_proxima","Almquist_1970",-1.632228255,5.632228255,NA,0.170907369055759,-7.38362947622304
"Ambystoma","jeffersonianum","max",34,"ct",40.23,40.23,-76.85,422.2,10,10,NA,NA,"Chordata","Amphibia","Caudata","Ambystomatidae","Terrestrial","ectotherm","Ambystoma_jeffersonianum","Gatz_1971",30.18464661,-20.18464661,NA,0.280388760584549,31.1961123941545
"Ambystoma","macrodactylum","max",35,"ct",44.9,44.9,-117.22,1140,20,20,0.5,NA,"Chordata","Amphibia","Caudata","Ambystomatidae","Terrestrial","ectotherm","Ambystoma_macrodactylum","Howard_et_al_1983",29.84904861,-9.84904861,NA,0.280388760584549,29.392224788309
"Ambystoma","maculatum","max",38.4,"ct",35.55,35.55,-91.62,184,15,15,NA,NA,"Chordata","Amphibia","Caudata","Ambystomatidae","Terrestrial","ectotherm","Ambystoma_maculatum","Sealander_1969",33.84846115,-18.84846115,NA,0.280388760584549,34.1941685912318
"Anaxyrus","compactilis","max",36.9,"ct",22,22,-102,1524,30,23,1,NA,"Chordata","Amphibia","Anura","Bufonidae","Terrestrial","ectotherm","Anaxyrus_compactilis","Brattstrom_1968",29.8943119,0.1056881,NA,0.280388760584549,28.4883371824635
"Anodontia","bullula","max",36.31,"LT50",-17,17,122,0,25,NA,NA,24,"Mollusca","Bivalvia","Lucinoida","Lucinidae","Intertidal","ectotherm","Anodontia_bullula","Compton_et_al2007",31.47999954,-6.47999954,NA,0.280388760584549,29.3002809853863
"Anodontia","bullula","min",7.17,"LT50",-17,17,122,0,25,NA,NA,24,"Mollusca","Bivalvia","Lucinoida","Lucinidae","Intertidal","ectotherm","Anodontia_bullula","Compton_et_al2007",23.37999916,1.62000084,NA,0.170907369055759,2.89731577360602
"Anolis","cybotes","max",40.1,"ct",18.18,18.18,-71.07,5,31.4,NA,NA,NA,"Chordata","Lepidosauria","Squamata","Iguanidae","Terrestrial","ectotherm","Anolis_cybotes","Hertz_&_Huey_1981",31.87837982,-0.47837982,NA,0.280388760584549,31.2957929176452
"Anolis","distichus","max",38.6,"ct",25.77,25.77,-80.19,0,20,20,NA,NA,"Chordata","Lepidosauria","Squamata","Iguanidae","Terrestrial","ectotherm","Anolis_distichus","Corn_1971",33.6676178,-13.6676178,NA,0.280388760584549,32.992224788309
"Anolis","evermanni","max",38.9,"ct",18.27,18.27,-65.91,594,30,30,NA,NA,"Chordata","Lepidosauria","Squamata","Iguanidae","Terrestrial","ectotherm","Anolis_evermanni","Heatwole_et_al_1969",31.60007858,-1.60007858,NA,0.280388760584549,30.4883371824635
"Anolis","gundlachi","max",35.7,"ct",18.29,18.29,-66.79,350,20,20,1.75,NA,"Chordata","Lepidosauria","Squamata","Iguanidae","Terrestrial","ectotherm","Anolis_gundlachi","Huey_&_Webster_1976",31.60007858,-11.60007858,NA,0.280388760584549,30.092224788309
"Anolis","gundlachi","min",6.3,"ct",18.2,18.2,-66.79,NA,NA,NA,NA,NA,"Chordata","Lepidosauria","Squamata","Iguanidae","Terrestrial","ectotherm","Anolis_gundlachi","Huey_unpubl_data_in_Huey_et_al_2012",18.81883621,NA,NA,NA,NA
"Anolis","krugi","max",36,"ct",18.4,18.4,-66.05,200,25,25,1,NA,"Chordata","Lepidosauria","Squamata","Iguanidae","Terrestrial","ectotherm","Anolis_krugi","Hertz_1979",31.60007858,-6.60007858,NA,0.280388760584549,28.9902809853863
"Anolis","oculatus","max",35.5,"ct",15.29,15.29,-61.4,0,25,25,3.6,NA,"Chordata","Lepidosauria","Squamata","Iguanidae","Terrestrial","ectotherm","Anolis_oculatus","Brooks_1968",31.3945179,-6.3945179,NA,0.280388760584549,28.4902809853863
"Anolis","pulchellus","max",36.1,"ct",18.37,18.37,-65.72,1,25,25,1,NA,"Chordata","Lepidosauria","Squamata","Iguanidae","Terrestrial","ectotherm","Anolis_pulchellus","Hertz_1979",31.60007858,-6.60007858,NA,0.280388760584549,29.0902809853863
"Anolis","roquet","max",35.9,"ct",14.64,14.64,-61.02,350,25,NA,1,NA,"Chordata","Lepidosauria","Squamata","Iguanidae","Terrestrial","ectotherm","Anolis_roquet","Hertz_1981",31.27609825,-6.27609825,NA,0.280388760584549,28.8902809853863
"Anolis","sagrei","max",40.5,"ct",25.72,25.72,-80.27,1,20,20,NA,NA,"Chordata","Lepidosauria","Squamata","Iguanidae","Terrestrial","ectotherm","Anolis_sagrei","Corn_1971",33.6676178,-13.6676178,NA,0.280388760584549,34.892224788309
"Anolis","semilineatus","max",39.6,"ct",18.45,18.45,-69.66,16,25,25,1,NA,"Chordata","Lepidosauria","Squamata","Iguanidae","Terrestrial","ectotherm","Anolis_semilineatus","Hertz_1979",31.66293716,-6.66293716,NA,0.280388760584549,32.5902809853863
"Anolis","shrevei","max",40.1,"ct",18.8,18.8,-70.68,2200,29.2,NA,NA,NA,"Chordata","Lepidosauria","Squamata","Iguanidae","Terrestrial","ectotherm","Anolis_shrevei","Hertz_&_Huey_1981",31.87837982,-2.67837982,NA,0.280388760584549,31.9126481909312
"Anolis","stratulus","max",41.2,"ct",18.4,18.4,-66.05,28,30,30,NA,NA,"Chordata","Lepidosauria","Squamata","Iguanidae","Terrestrial","ectotherm","Anolis_stratulus","Heatwole_et_al_1969",31.60007858,-1.60007858,NA,0.280388760584549,32.7883371824636
"Aphaenogaster","fulva","max",41.8,"ct",36.04,36.04,-79.07,180,25,36,0.2,NA,"Arthropoda","Insecta","Hymenoptera","Formicidae","Terrestrial","ectotherm","Aphaenogaster_fulva","Diamond_et_al_2012",32.19478226,-7.19478226,NA,0.280388760584549,34.7902809853863
"Argopecten","purpuratus","max",29,"LT50",-14.25,14.25,-76.2,0,19,NA,NA,24,"Mollusca","Bivalvia","Pectinoida","Pectinidae","Marine","ectotherm","Argopecten_purpuratus","Urban_1994",25.26999855,-6.26999855,NA,0.280388760584549,23.6726135488936
"Aulacomya","atra","max",25.6,"LT50",-36.5,36.5,-73.9,0,13,NA,NA,24,"Mollusca","Bivalvia","Mytiloida","Mytilidae","Marine","ectotherm","Aulacomya_atra","Urban_1994",NA,NA,NA,0.280388760584549,21.9549461124009
"Boreogadus","saida","min",-2,"LT50",71,71,-156.47,0,1,NA,NA,5,"Chordata","Actinopteri","Gadiformes","Gadidae","Marine","ectotherm","Boreogadus_saida","Scholander_et_al_1953",-1.75999999,2.75999999,NA,0.170907369055759,-2.17090736905576
"Bullia","rhodostoma","max",34.7,"LT50",-33.9,33.9,25.6,0,20,NA,NA,12,"Mollusca","Gastropoda","Neogastropoda","Nassariidae","Marine","ectotherm","Bullia_rhodostoma","Ansell_&_McLachlan_1980",25.38999939,-5.38999939,NA,0.280388760584549,29.092224788309
"Calathus","melanocephalus","min",-3.8,"ct",60.6,60.6,NA,1200,13,13,1,NA,"Arthropoda","Insecta","Coleoptera","Carabidae","Terrestrial","ectotherm","Calathus_melanocephalus","Nylund_1991",NA,NA,NA,0.170907369055759,-6.02179579772487
"Camponotus","americanus","max",42.8,"ct",36.04,36.04,-79.07,180,25,36,0.2,NA,"Arthropoda","Insecta","Hymenoptera","Formicidae","Terrestrial","ectotherm","Camponotus_americanus","Diamond_et_al_2012",32.19478226,-7.19478226,NA,0.280388760584549,35.7902809853863
"Camponotus","castaneus","max",40.5,"ct",35.78,35.78,-78.8,146,25,36,0.2,NA,"Arthropoda","Insecta","Hymenoptera","Formicidae","Terrestrial","ectotherm","Camponotus_castaneus","Diamond_et_al_2012",32.93321609,-7.93321609,NA,0.280388760584549,33.4902809853863
"Camponotus","chromaiodes","max",44,"ct",36.04,36.04,-79.07,180,25,36,0.2,NA,"Arthropoda","Insecta","Hymenoptera","Formicidae","Terrestrial","ectotherm","Camponotus_chromaiodes","Diamond_et_al_2012",32.19478226,-7.19478226,NA,0.280388760584549,36.9902809853863
"Camponotus","novaeboracensis","max",40,"ct",42.51,42.51,-72.21,232,25,36,0.2,NA,"Arthropoda","Insecta","Hymenoptera","Formicidae","Terrestrial","ectotherm","Camponotus_novaeboracensis","Diamond_et_al_2012",27.61415291,-2.61415291,NA,0.280388760584549,32.9902809853863
"Camponotus","pennsylvanicus","max",40,"ct",42.51,42.51,-72.21,232,25,36,0.2,NA,"Arthropoda","Insecta","Hymenoptera","Formicidae","Terrestrial","ectotherm","Camponotus_pennsylvanicus","Diamond_et_al_2012",27.61415291,-2.61415291,NA,0.280388760584549,32.9902809853863
"Cerastoderma","edule","max",33.98,"LT50",53,53,5,0,5,NA,NA,24,"Mollusca","Bivalvia","Veneroida","Cardiidae","Intertidal","ectotherm","Cerastoderma_edule","Compton_et_al2007",20.19999886,-15.19999886,NA,0.280388760584549,32.5780561970773
"Cerastoderma","edule","min",-6.18,"LT50",53,53,5,0,5,NA,NA,24,"Mollusca","Bivalvia","Veneroida","Cardiidae","Intertidal","ectotherm","Cerastoderma_edule","Compton_et_al2007",1.279999971,3.720000029,NA,0.170907369055759,-7.0345368452788
"Charina","bottae","max",38,"ct",44.56,44.56,-123.26,60,14,NA,NA,NA,"Chordata","Lepidosauria","Squamata","Boidae","Terrestrial","ectotherm","Charina_bottae","Brattstrom_1965",23.52952576,-9.52952576,NA,0.280388760584549,34.0745573518163
"Clubiona","diversa","max",41.4,"ct",55.4,55.4,14.19,3,15,15,0.5,NA,"Arthropoda","Arachnida","Araneae","Clubionidae","Terrestrial","ectotherm","Clubiona_diversa","Almquist_1970",20.58191681,-5.58191681,NA,0.280388760584549,37.1941685912318
"Clubiona","diversa","min",-10.2,"LT50",55.4,55.4,14.19,3,4,0.02,NA,72,"Arthropoda","Arachnida","Araneae","Clubionidae","Terrestrial","ectotherm","Clubiona_diversa","Almquist_1970",-1.632228255,5.632228255,NA,0.170907369055759,-10.883629476223
"Clubiona","trivialis","max",42.1,"ct",55.4,55.4,14.19,3,15,15,0.5,NA,"Arthropoda","Arachnida","Araneae","Clubionidae","Terrestrial","ectotherm","Clubiona_trivialis","Almquist_1970",20.58191681,-5.58191681,NA,0.280388760584549,37.8941685912318
"Clubiona","trivialis","min",-7.4,"LT50",55.4,55.4,14.19,3,4,0.02,NA,72,"Arthropoda","Arachnida","Araneae","Clubionidae","Terrestrial","ectotherm","Clubiona_trivialis","Almquist_1970",-1.632228255,5.632228255,NA,0.170907369055759,-8.08362947622304
"Clupea","harengus","max",21.2,"LT50",45.09,45.09,-66.96,0,11,NA,NA,48,"Chordata","Actinopteri","Clupeiformes","Clupeidae","Marine","ectotherm","Clupea_harengus","Brawn_1960_in_Brett_1970, Brawn_1960",NA,NA,NA,0.280388760584549,18.11572363357
"Cnemidocarpa","bicornuta","max",29,"ct",-45.4,45.4,167.1,0,26,18.7,0.017,NA,"Chordata","Ascidiacea","Stolidobranchia","Styelidae","Marine","ectotherm","Cnemidocarpa_bicornuta","Morley_et_al_2016",18.27999878,7.72000122,NA,0.280388760584549,21.7098922248017
"Cnemidophorus","sexlineatus","max",51,"ct",33.96,33.96,-96.76,249,25,25,1,NA,"Chordata","Lepidosauria","Squamata","Teiidae","Terrestrial","ectotherm","Cnemidophorus_sexlineatus","Paulissen_1988",35.35910416,-10.35910416,NA,0.280388760584549,43.9902809853863
"Cookia","sulcata","max",32.7,"ct",-45.8,45.8,170.6,0,26,18.7,0.017,NA,"Mollusca","Gastropoda","Vetigastropoda","Turbinidae","Marine","ectotherm","Cookia_sulcata","Morley_et_al_2016",17.52999878,8.47000122,NA,0.280388760584549,25.4098922248017
"Cordylus","cordylus","max",41.6,"ct",-33.77,33.77,18.78,289,27,30,1,NA,"Chordata","Lepidosauria","Squamata","Cordylidae","Terrestrial","ectotherm","Cordylus_cordylus","Clusella-Trullas_et_al_2009",29.00185776,-2.00185776,NA,0.280388760584549,34.0295034642172
"Cordylus","cordylus","min",7.5,"ct",-33.77,33.77,18.78,289,27,15,1,NA,"Chordata","Lepidosauria","Squamata","Cordylidae","Terrestrial","ectotherm","Cordylus_cordylus","Clusella-Trullas_et_al_2009",6.105827808,20.89417219,NA,0.170907369055759,2.8855010354945
"Cordylus","niger","max",41,"ct",-32.98,32.98,17.87,5,27,30,1,NA,"Chordata","Lepidosauria","Squamata","Cordylidae","Terrestrial","ectotherm","Cordylus_niger","Clusella-Trullas_et_al_2009",28.90424347,-1.90424347,NA,0.280388760584549,33.4295034642172
"Cordylus","niger","min",7.4,"ct",-32.98,32.98,17.87,5,27,15,1,NA,"Chordata","Lepidosauria","Squamata","Cordylidae","Terrestrial","ectotherm","Cordylus_niger","Clusella-Trullas_et_al_2009",6.917508125,20.08249188,NA,0.170907369055759,2.7855010354945
"Cordylus","oelofseni","max",40.8,"ct",-34.03,34.03,19,1080,27,30,1,NA,"Chordata","Lepidosauria","Squamata","Cordylidae","Terrestrial","ectotherm","Cordylus_oelofseni","Clusella-Trullas_et_al_2009",23.63539505,3.36460495,NA,0.280388760584549,33.2295034642172
"Cordylus","oelofseni","min",6.3,"ct",-34.03,34.03,19,1080,27,15,1,NA,"Chordata","Lepidosauria","Squamata","Cordylidae","Terrestrial","ectotherm","Cordylus_oelofseni","Clusella-Trullas_et_al_2009",9.94078064,17.05921936,NA,0.170907369055759,1.6855010354945
"Crangon","crangon","max",33.8,"ct",38,38,-9,0,24,24,0.017,NA,"Arthropoda","Malacostraca","Decapoda","Crangonidae","Marine","ectotherm","Crangon_crangon","Madeira_et_al_2012",22.84000015,1.15999985,NA,0.280388760584549,27.0706697459708
"Craugastor","fitzingeri","min",8,"LT50",9.15,9.15,NA,304.8,23,NA,NA,24,"Chordata","Amphibia","Anura","Craugastoridae","Terrestrial","ectotherm","Craugastor_fitzingeri","Brattstrom_1968",NA,NA,NA,0.170907369055759,4.06913051171754
"Craugastor","fleischmanni","max",31.4,"ct",10,10,-83.7,1554.48,23,23,1,NA,"Chordata","Amphibia","Anura","Craugastoridae","Terrestrial","ectotherm","Craugastor_fleischmanni","Brattstrom_1968",30.38962555,-7.38962555,NA,0.280388760584549,24.9510585065554
"Craugastor","fleischmanni","min",6,"LT50",10,10,-83.7,1554.48,23,NA,NA,24,"Chordata","Amphibia","Anura","Craugastoridae","Terrestrial","ectotherm","Craugastor_fleischmanni","Brattstrom_1968",18.74819756,4.25180244,NA,0.170907369055759,2.06913051171754
"Crematogaster","lineolata","max",43.25,"ct",36.04,36.04,-79.07,180,25,36,0.2,NA,"Arthropoda","Insecta","Hymenoptera","Formicidae","Terrestrial","ectotherm","Crematogaster_lineolata","Diamond_et_al_2012",32.19478226,-7.19478226,NA,0.280388760584549,36.2402809853863
"Crinia","signifera","max",35.7,"ct",-38,38,142.5,304.8,25,20,1,NA,"Chordata","Amphibia","Anura","Myobatrachidae","Terrestrial","ectotherm","Crinia_signifera","Brattstrom_1970",24.16413116,0.83586884,NA,0.280388760584549,28.6902809853863
"Crustulina","guttata","max",41.8,"ct",55.4,55.4,14.19,3,15,15,0.5,NA,"Arthropoda","Arachnida","Araneae","Theridiidae","Terrestrial","ectotherm","Crustulina_guttata","Almquist_1970",20.58191681,-5.58191681,NA,0.280388760584549,37.5941685912318
"Crustulina","guttata","min",-8,"LT50",55.4,55.4,14.19,3,15,0.5,NA,72,"Arthropoda","Arachnida","Araneae","Theridiidae","Terrestrial","ectotherm","Crustulina_guttata","Almquist_1970",-1.632228255,16.63222826,NA,0.170907369055759,-10.5636105358364
"Ctenotus","regius","max",45.1,"ct",-34.18,34.18,139.98,16,35,35,1,NA,"Chordata","Lepidosauria","Squamata","Scincidae","Terrestrial","ectotherm","Ctenotus_regius","Bennett_&_John-Alder_1986",32.29346466,2.70653534,NA,0.280388760584549,35.2863933795408
"Ctenotus","regius","min",8.7,"ct",-34.18,34.18,139.98,16,15,15,1,NA,"Chordata","Lepidosauria","Squamata","Scincidae","Terrestrial","ectotherm","Ctenotus_regius","Bennett_&_John-Alder_1986",4.161160469,10.83883953,NA,0.170907369055759,6.13638946416361
"Ctenotus","taeniolatus","max",44.7,"ct",-30.52,30.52,151.65,1013,35,35,1,NA,"Chordata","Lepidosauria","Squamata","Scincidae","Terrestrial","ectotherm","Ctenotus_taeniolatus","Bennett_&_John-Alder_1986",29.56103897,5.43896103,NA,0.280388760584549,34.8863933795408
"Ctenotus","taeniolatus","min",11.4,"ct",-30.52,30.52,151.65,1013,15,15,1,NA,"Chordata","Lepidosauria","Squamata","Scincidae","Terrestrial","ectotherm","Ctenotus_taeniolatus","Bennett_&_John-Alder_1986",1.229507804,13.7704922,NA,0.170907369055759,8.83638946416361
"Ctenotus","uber","max",45.5,"ct",-34.57,34.57,139.58,11,35,35,1,NA,"Chordata","Lepidosauria","Squamata","Scincidae","Terrestrial","ectotherm","Ctenotus_uber","Bennett_&_John-Alder_1986",32.29346466,2.70653534,NA,0.280388760584549,35.6863933795408
"Ctenotus","uber","min",9.1,"ct",-34.57,34.57,139.58,11,15,15,1,NA,"Chordata","Lepidosauria","Squamata","Scincidae","Terrestrial","ectotherm","Ctenotus_uber","Bennett_&_John-Alder_1986",4.161160469,10.83883953,NA,0.170907369055759,6.53638946416361
"Cyclorana","alboguttatus","max",33.8,"ct",-20,20,146.8,304.8,5,20,1,NA,"Chordata","Amphibia","Anura","Hylidae","Terrestrial","ectotherm","Cyclorana_alboguttatus","Brattstrom_1970",34.60328674,-29.60328674,"Cyclorana alboguttatus",0.280388760584549,32.3980561970773
"Cyclorana","brevipes","max",40,"ct",21,21,145.9,304.8,30,20,1,NA,"Chordata","Amphibia","Anura","Hylidae","Terrestrial","ectotherm","Cyclorana_brevipes","Brattstrom_1970",NA,NA,"Cyclorana brevipes",0.280388760584549,31.5883371824635
"Cyrtodactylus","philippinicus","max",34.6,"ct",14.09,14.09,121.49,1100,22,22,0.5,NA,"Chordata","Lepidosauria","Squamata","Gekkonidae","Terrestrial","ectotherm","Cyrtodactylus_philippinicus","Scheffers_et_al_2014",32.4418602,-10.4418602,NA,0.280388760584549,28.4314472671399
"Dascyllus","aruanus","max",40.5,"ct",-5.45,5.45,123.77,0,30,30,0.31,NA,"Chordata","Actinopteri","Perciformes","Pomacentridae","Marine","ectotherm","Dascyllus_aruanus","Eme_&_Bennett_2009",31.20999908,-1.20999908,NA,0.280388760584549,32.0883371824635
"Dascyllus","aruanus","min",12,"ct",-5.45,5.45,123.77,0,17.5,17.5,0.31,NA,"Chordata","Actinopteri","Perciformes","Pomacentridae","Marine","ectotherm","Dascyllus_aruanus","Eme_&_Bennett_2009",26.23999977,-8.73999977,NA,0.170907369055759,9.00912104152421
"Dendrobates","auratus","max",34.8,"ct",10,10,-83.5,304.8,26,23,1,NA,"Chordata","Amphibia","Anura","Dendrobatidae","Terrestrial","ectotherm","Dendrobates_auratus","Brattstrom_1968",30.38962555,-4.38962555,NA,0.280388760584549,27.5098922248017
"Dendrobates","auratus","min",9.5,"LT50",10,10,-83.5,304.8,23,NA,NA,24,"Chordata","Amphibia","Anura","Dendrobatidae","Terrestrial","ectotherm","Dendrobates_auratus","Brattstrom_1968",18.74819756,4.25180244,NA,0.170907369055759,5.56913051171754
"Desmognathus","fuscus","max",34.9,"ct",39.7,39.7,-84.7,300,25,25,0.75,NA,"Chordata","Amphibia","Caudata","Plethodontidae","Terrestrial","ectotherm","Desmognathus_fuscus","Layne_&_Claussen_1982a",30.03699303,-5.03699303,NA,0.280388760584549,27.8902809853863
"Desmognathus","fuscus","min",-2.3,"ct",39.7,39.7,-84.7,300,5,5,0.75,NA,"Chordata","Amphibia","Caudata","Plethodontidae","Terrestrial","ectotherm","Desmognathus_fuscus","Layne_&_Claussen_1982a",-8.12097168,13.12097168,NA,0.170907369055759,-3.1545368452788
"Desmognathus","ochrophaeus","max",31.5,"ct",37.4,37.4,-80.5,1432,21.5,21.5,NA,NA,"Chordata","Amphibia","Caudata","Plethodontidae","Terrestrial","ectotherm","Desmognathus_ochrophaeus","Zweifel_1957",30.00385284,-8.50385284,NA,0.280388760584549,25.4716416474322
"Desmognathus","quadramaculatus","max",31.9,"ct",37.4,37.4,-80.5,1158,21.5,21.5,NA,NA,"Chordata","Amphibia","Caudata","Plethodontidae","Terrestrial","ectotherm","Desmognathus_quadramaculatus","Zweifel_1957",30.00385284,-8.50385284,NA,0.280388760584549,25.8716416474322
"Diplodus","bellottii","max",27.38,"ct",38,38,-9,0,24,24,0.017,NA,"Chordata","Actinopteri","Spariformes","Sparidae","Marine","ectotherm","Diplodus_bellottii","Madeira_et_al_2012",22.84000015,1.15999985,NA,0.280388760584549,20.6506697459708
"Diplodus","sargus","max",33.8,"ct",38,38,-9,0,24,24,0.017,NA,"Chordata","Actinopteri","Spariformes","Sparidae","Marine","ectotherm","Diplodus_sargus","Madeira_et_al_2012",22.84000015,1.15999985,NA,0.280388760584549,27.0706697459708
"Diplodus","vulgaris","max",31.1,"ct",38,38,-9,0,24,24,0.017,NA,"Chordata","Actinopteri","Spariformes","Sparidae","Marine","ectotherm","Diplodus_vulgaris","Madeira_et_al_2012",22.84000015,1.15999985,NA,0.280388760584549,24.3706697459708
"Distaplia","occidentalis","max",21.9,"LT50",38.33,38.33,-123.06,0,12,0.067,NA,24,"Chordata","Ascidiacea","Enterogona","Clavelinidae","Marine","ectotherm","Distaplia_occidentalis","Zerebecki_&_Sorte_2011",17.40999985,-5.40999985,NA,0.280388760584549,18.5353348729854
"Divaricella","irpex","max",36.94,"LT50",-17,17,122,0,25,NA,NA,24,"Mollusca","Bivalvia","Lucinoida","Lucinidae","Intertidal","ectotherm","Divaricella_irpex","Compton_et_al2007",31.47999954,-6.47999954,NA,0.280388760584549,29.9302809853863
"Divaricella","irpex","min",5.51,"LT50",-17,17,122,0,25,NA,NA,24,"Mollusca","Bivalvia","Lucinoida","Lucinidae","Intertidal","ectotherm","Divaricella_irpex","Compton_et_al2007",23.37999916,1.62000084,NA,0.170907369055759,1.23731577360602
"Donax","serra","max",33,"LT50",-33.9,33.9,25.6,0,20,NA,NA,12,"Mollusca","Bivalvia","Veneroida","Donacidae","Marine","ectotherm","Donax_serra","Ansell_&_McLachlan_1980",25.38999939,-5.38999939,NA,0.280388760584549,27.392224788309
"Echinometra","lucunter","max",37.1,"ct",-7.89,7.89,-14.38,0,26,26.1,0.017,NA,"Echinodermata","Echinoidea","Echinoida","Echinometridae","Marine","ectotherm","Echinometra_lucunter","Morley_et_al_2016",29.18999863,-3.18999863,NA,0.280388760584549,29.8098922248017
"Egernia","striolata","max",44.2,"ct",-34.57,34.57,139.58,11,35,35,1,NA,"Chordata","Lepidosauria","Squamata","Scincidae","Terrestrial","ectotherm","Egernia_striolata","Bennett_&_John-Alder_1986",32.29346466,2.70653534,NA,0.280388760584549,34.3863933795408
"Egernia","striolata","min",6.1,"ct",-34.57,34.57,139.58,11,15,15,NA,NA,"Chordata","Lepidosauria","Squamata","Scincidae","Terrestrial","ectotherm","Egernia_striolata","Bennett_&_John-Alder_1986",4.161160469,10.83883953,NA,0.170907369055759,3.53638946416361
"Eleutherodactylus","coqui","max",37.2,"ct",18.4,18.4,-65.8,15,NA,25,0.5,NA,"Chordata","Amphibia","Anura","Eleutherodactylidae","Terrestrial","ectotherm","Eleutherodactylus_coqui","Christian_et_al_1988",31.60007858,NA,NA,NA,NA
"Eleutherodactylus","coqui","min",7.5,"ct",18.4,18.4,-65.8,15,20,20,0.5,NA,"Chordata","Amphibia","Anura","Eleutherodactylidae","Terrestrial","ectotherm","Eleutherodactylus_coqui","Christian_et_al_1988",18.81883621,1.18116379,NA,0.170907369055759,4.08185261888481
"Elgaria","multicarinata","max",41.4,"ct",34,34,-118.9,8,21.4,NA,NA,NA,"Chordata","Lepidosauria","Squamata","Anguidae","Terrestrial","ectotherm","Elgaria_multicarinata","Cunningham_1966",30.25820732,-8.85820732,NA,0.280388760584549,35.3996805234907
"Elgaria","multicarinata","min",2.2,"ct",34,34,-118.9,8,21.4,NA,NA,NA,"Chordata","Lepidosauria","Squamata","Anguidae","Terrestrial","ectotherm","Elgaria_multicarinata","Cunningham_1966",3.336201668,18.06379833,NA,0.170907369055759,-1.45741769779325
"Engraulis","japonicus","max",32,"LT50",34.9,34.9,138.6,0,NA,NA,NA,3,"Chordata","Actinopteri","Clupeiformes","Engraulidae","Marine","ectotherm","Engraulis_japonicus","Suehiro1951_in_Brett_1970",29.25,NA,NA,NA,NA
"Engraulis","japonicus","min",8,"LT50",34.9,34.9,138.6,0,22,NA,NA,3,"Chordata","Actinopteri","Clupeiformes","Engraulidae","Marine","ectotherm","Engraulis_japonicus","Suehiro1951_in_Brett_1970",15.48999977,6.51000023,NA,0.170907369055759,4.2400378807733
"Engystomops","pustulosus","min",6,"LT50",9.15,9.15,NA,304.8,23,NA,NA,24,"Chordata","Amphibia","Anura","Leptodactylidae","Terrestrial","ectotherm","Engystomops_pustulosus","Brattstrom_1968",NA,NA,NA,0.170907369055759,2.06913051171754
"Ensis","macha","max",25,"LT50",-36.5,36.5,-73.9,0,13,NA,NA,24,"Mollusca","Bivalvia","Veneroida","Pharidae","Marine","ectotherm","Ensis_macha","Urban_1994",18.27000046,-5.27000046,NA,0.280388760584549,21.3549461124009
"Eremias","argus","max",44.9,"ct",35.59,35.59,112.25,802,28,NA,0.175,NA,"Chordata","Lepidosauria","Squamata","Lacertidae","Terrestrial","ectotherm","Eremias_argus","Luo_et_al_2006",30.17569542,-2.17569542,NA,0.280388760584549,37.0491147036326
"Eremias","argus","min",1,"ct",35.59,35.59,112.25,802,28,NA,0.175,NA,"Chordata","Lepidosauria","Squamata","Lacertidae","Terrestrial","ectotherm","Eremias_argus","Luo_et_al_2006",-8.526444435,36.52644444,NA,0.170907369055759,-3.78540633356126
"Eremias","brenchleyi","max",43.6,"ct",33.6,33.6,117.02,4,28,28,0.1,NA,"Chordata","Lepidosauria","Squamata","Lacertidae","Terrestrial","ectotherm","Eremias_brenchleyi","Xu_&_Ji_2006",31.75784874,-3.75784874,NA,0.280388760584549,35.7491147036326
"Eremias","brenchleyi","min",3.4,"ct",33.6,33.6,117.02,4,28,NA,0.1,NA,"Chordata","Lepidosauria","Squamata","Lacertidae","Terrestrial","ectotherm","Eremias_brenchleyi","Xu_et_al_2001",-3.046804428,31.04680443,NA,0.170907369055759,-1.38540633356126
"Eremias","multiocellata","max",41.1,"ct",41.45,41.45,106.98,1651,28,28,0.25,NA,"Chordata","Lepidosauria","Squamata","Lacertidae","Terrestrial","ectotherm","Eremias_multiocellata","Li_et_al_2009",29.25745392,-1.25745392,NA,0.280388760584549,33.2491147036326
"Eremias","multiocellata","min",9,"ct",41.45,41.45,106.98,1651,28,28,0.25,NA,"Chordata","Lepidosauria","Squamata","Lacertidae","Terrestrial","ectotherm","Eremias_multiocellata","Li_et_al_2009",-17.45931816,45.45931816,NA,0.170907369055759,4.21459366643874
"Eremiascincus","fasciolatus","max",41.2,"ct",-27.75,27.75,140.73,42,35,35,1,NA,"Chordata","Lepidosauria","Squamata","Scincidae","Terrestrial","ectotherm","Eremiascincus_fasciolatus","Bennett_&_John-Alder_1986",38.07003021,-3.07003021,NA,0.280388760584549,31.3863933795408
"Eremiascincus","fasciolatus","min",9,"ct",-27.75,27.75,140.73,42,15,15,1,NA,"Chordata","Lepidosauria","Squamata","Scincidae","Terrestrial","ectotherm","Eremiascincus_fasciolatus","Bennett_&_John-Alder_1986",6.205281258,8.794718742,NA,0.170907369055759,6.43638946416361
"Eremiascincus","richardsoni","max",42,"ct",-34.57,34.57,139.58,11,35,35,1,NA,"Chordata","Lepidosauria","Squamata","Scincidae","Terrestrial","ectotherm","Eremiascincus_richardsoni","Bennett_&_John-Alder_1986",32.29346466,2.70653534,NA,0.280388760584549,32.1863933795408
"Eremiascincus","richardsoni","min",7.3,"ct",-34.57,34.57,139.58,11,15,15,1,NA,"Chordata","Lepidosauria","Squamata","Scincidae","Terrestrial","ectotherm","Eremiascincus_richardsoni","Bennett_&_John-Alder_1986",4.161160469,10.83883953,NA,0.170907369055759,4.73638946416361
"Eucidaris","tribuloides","max",36,"ct",-7.89,7.89,-14.38,0,26,26.1,0.017,NA,"Echinodermata","Echinoidea","Cidaroida","Cidaridae","Marine","ectotherm","Eucidaris_tribuloides","Morley_et_al_2016",29.18999863,-3.18999863,NA,0.280388760584549,28.7098922248017
"Eurycea","bislineata","max",35,"ct",39.7,39.7,-84.7,300,25,25,0.75,NA,"Chordata","Amphibia","Caudata","Plethodontidae","Terrestrial","ectotherm","Eurycea_bislineata","Layne_&_Claussen_1982ab",30.03699303,-5.03699303,NA,0.280388760584549,27.9902809853863
"Eurycea","bislineata","min",-2,"ct",39.7,39.7,-84.7,300,5,5,0.75,NA,"Chordata","Amphibia","Caudata","Plethodontidae","Terrestrial","ectotherm","Eurycea_bislineata","Layne_&_Claussen_1982ab",-8.12097168,13.12097168,NA,0.170907369055759,-2.8545368452788
"Eurycea","longicauda","max",37.6,"ct",36.11,36.11,-94.33,377,15,15,NA,NA,"Chordata","Amphibia","Caudata","Plethodontidae","Terrestrial","ectotherm","Eurycea_longicauda","Sealander_1969",33.15248489,-18.15248489,NA,0.280388760584549,33.3941685912318
"Eurycea","lucifuga","max",37.2,"ct",36.11,36.11,-94.33,377,15,15,NA,NA,"Chordata","Amphibia","Caudata","Plethodontidae","Terrestrial","ectotherm","Eurycea_lucifuga","Sealander_1969",33.15248489,-18.15248489,NA,0.280388760584549,32.9941685912318
"Eurycea","multiplicata","max",37.5,"ct",36.1,36.1,-90.36,426.7,15,15,NA,NA,"Chordata","Amphibia","Caudata","Plethodontidae","Terrestrial","ectotherm","Eurycea_multiplicata","Sealander_1969",33.36065674,-18.36065674,NA,0.280388760584549,33.2941685912318
"Floridichthys","carpio","max",42.2,"ct",16.8,16.8,-88.1,0,30,30,0.3,NA,"Chordata","Actinopteri","Cyprinodontiformes","Cyprinodontidae","Marine","ectotherm","Floridichthys_carpio","Heath_et_al_1993",30.96999931,-0.96999931,NA,0.280388760584549,33.7883371824636
"Formica","neogagates","max",40,"ct",38.57,38.57,-106.59,2895,25,36,0.2,NA,"Arthropoda","Insecta","Hymenoptera","Formicidae","Terrestrial","ectotherm","Formica_neogagates","Diamond_et_al_2012",24.21374702,0.78625298,NA,0.280388760584549,32.9902809853863
"Formica","obscuripes","max",40.93,"ct",38.57,38.57,-106.59,2895,25,36,0.2,NA,"Arthropoda","Insecta","Hymenoptera","Formicidae","Terrestrial","ectotherm","Formica_obscuripes","Diamond_et_al_2012",24.21374702,0.78625298,NA,0.280388760584549,33.9202809853863
"Fundulus","parvipinnis","max",36.1,"LT50",33,33,-117.5,0,20,NA,NA,0.5,"Chordata","Actinopteri","Cyprinodontiformes","Fundulidae","Marine","ectotherm","Fundulus_parvipinnis","Doudoroff_1945",23.90999985,-3.90999985,NA,0.280388760584549,30.492224788309
"Fundulus","parvipinnis","min",2.2,"LT50",33,33,-117.5,0,20,NA,NA,1,"Chordata","Actinopteri","Cyprinodontiformes","Fundulidae","Marine","ectotherm","Fundulus_parvipinnis","Doudoroff_1945",13.48999977,6.51000023,NA,0.170907369055759,-1.21814738111518
"Gemma","gemma","max",35,"LT50",37.11,37.11,-76.13,0,25,NA,NA,24,"Mollusca","Bivalvia","Veneroida","Veneridae","Marine","ectotherm","Gemma_gemma","Kennedy_&_Mihursky_1971",27.84000015,-2.84000015,NA,0.280388760584549,27.9902809853863
"Gobius","cobitis","max",33.7,"ct",38,38,-9,0,24,24,0.017,NA,"Chordata","Actinopteri","Perciformes","Gobiidae","Intertidal","ectotherm","Gobius_cobitis","Madeira_et_al_2012",22.84000015,1.15999985,NA,0.280388760584549,26.9706697459708
"Gobius","niger","max",34.1,"ct",38,38,-9,0,24,24,0.017,NA,"Chordata","Actinopteri","Perciformes","Gobiidae","Marine","ectotherm","Gobius_niger","Madeira_et_al_2012",22.84000015,1.15999985,NA,0.280388760584549,27.3706697459708
"Halichoeres","dispilus","max",35.8,"ct",2.96,2.96,-78.2,0,26.5,26.5,0.017,NA,"Chordata","Actinopteri","Perciformes","Labridae","Marine","ectotherm","Halichoeres_dispilus","Mora_&_Ospina_2001",29.89999962,-3.39999962,NA,0.280388760584549,28.3696978445095
"Halichoeres","dispilus","min",15.6,"ct",2.96,2.96,-78.2,0,26.5,26.5,0.017,NA,"Chordata","Actinopteri","Perciformes","Labridae","Marine","ectotherm","Halichoeres_dispilus","Mora_&_Ospina_2002",24.36999893,2.13000107,NA,0.170907369055759,11.0709547200224
"Halozetes","belgicae","max",40.1,"LT50",-46.9,46.9,37.9,0,15,NA,NA,1,"Arthropoda","Arachnida","Oribatida","Ameronothridae","Intertidal","ectotherm","Halozetes_belgicae","Deere_et_al_2006",9.5,5.5,NA,0.280388760584549,35.8941685912318
"Halozetes","belgicae","min",-4.7,"LT50",-46.9,46.9,37.9,0,0,NA,NA,1,"Arthropoda","Arachnida","Oribatida","Ameronothridae","Intertidal","ectotherm","Halozetes_belgicae","Deere_et_al_2006",3.50999999,-3.50999999,NA,0.170907369055759,-4.7
"Hemachatus","haemachatus","max",43.1,"ct",-26.14,26.14,28.25,1600,25,25,1,NA,"Chordata","Lepidosauria","Squamata","Elapidae","Terrestrial","ectotherm","Hemachatus_haemachatus","Alexander_et_al_1999",28.06161499,-3.06161499,NA,0.280388760584549,36.0902809853863
"Hemachatus","haemachatus","min",3.7,"ct",-26.14,26.14,28.25,1600,25,25,1,NA,"Chordata","Lepidosauria","Squamata","Elapidae","Terrestrial","ectotherm","Hemachatus_haemachatus","Alexander_et_al_1999",1.422487617,23.57751238,NA,0.170907369055759,-0.572684226393982
"Hemiergis","peroni","max",38.6,"ct",-34.15,34.15,138.42,72,NA,NA,NA,NA,"Chordata","Lepidosauria","Squamata","Scincidae","Terrestrial","ectotherm","Hemiergis_peroni","Greer_1980",30.95473099,NA,NA,NA,NA
"Hemiergis","peroni","min",9.6,"ct",-34.15,34.15,138.42,72,15,15,1,NA,"Chordata","Lepidosauria","Squamata","Scincidae","Terrestrial","ectotherm","Hemiergis_peroni","Bennett_&_John-Alder_1986",5.258768559,9.741231441,NA,0.170907369055759,7.03638946416361
"Hemigrapsus","nudus","max",33.6,"ct",48.8,48.8,-125.1,0,16,16,0.5,NA,"Arthropoda","Malacostraca","Decapoda","Varunidae","Intertidal","ectotherm","Hemigrapsus_nudus","Mcgaw_2003",16.93000031,-0.93000031,NA,0.280388760584549,29.1137798306472
"Hemigrapsus","nudus","min",3.5,"ct",48.8,48.8,-125.1,0,10,10,0.5,NA,"Arthropoda","Malacostraca","Decapoda","Varunidae","Intertidal","ectotherm","Hemigrapsus_nudus","Mcgaw_2003",6.659999847,3.340000153,NA,0.170907369055759,1.79092630944241
"Holbrookia","maculata","max",46.5,"ct",34.1,34.1,-103.3,1280,23,39,0.067,NA,"Chordata","Lepidosauria","Squamata","Iguanidae","Terrestrial","ectotherm","Holbrookia_maculata","Sena_1978",33.20048141,-10.20048141,NA,0.280388760584549,40.0510585065554
"Hoplodactylus","maculatus","min",1.2,"ct",-45.45,45.45,NA,523,21,NA,NA,NA,"Chordata","Lepidosauria","Squamata","Diplodactylidae","Terrestrial","ectotherm","Hoplodactylus_maculatus","Besson_&_Cree_2007,2011",NA,NA,"Hoplodactylus maculatus",0.170907369055759,-2.38905475017094
"Hyalinobatrachium","fleischmanni","min",2.5,"LT50",10,10,NA,1371.6,23,NA,NA,24,"Chordata","Amphibia","Anura","Centrolenidae","Terrestrial","ectotherm","Hyalinobatrachium_fleischmanni","Brattstrom_1968",NA,NA,NA,0.170907369055759,-1.43086948828246
"Hyla","aurea","max",36.2,"ct",-38.59,38.59,146.1,304.8,30,20,1,NA,"Chordata","Amphibia","Anura","Hylidae","Terrestrial","ectotherm","Hyla_aurea","Brattstrom_1970",25.08243942,4.91756058,"Hyla aurea",0.280388760584549,27.7883371824635
"Hyla","caerulea","max",39.3,"ct",-21,21,148.3,304.8,30,20,1,NA,"Chordata","Amphibia","Anura","Hylidae","Terrestrial","ectotherm","Hyla_caerulea","Brattstrom_1970",33.04460526,-3.04460526,"Hyla caerulea",0.280388760584549,30.8883371824635
"Hyla","chloris","max",38.9,"ct",-17.27,17.27,145.48,731.5,30,20,1,NA,"Chordata","Amphibia","Anura","Hylidae","Terrestrial","ectotherm","Hyla_chloris","Brattstrom_1970",33.91498566,-3.91498566,"Hyla chloris",0.280388760584549,30.4883371824635
"Hyla","citropa","max",30.7,"ct",-30.5,30.5,152.9,1371.6,5,20,1,NA,"Chordata","Amphibia","Anura","Hylidae","Terrestrial","ectotherm","Hyla_citropa","Brattstrom_1970",29.54545021,-24.54545021,"Hyla citropa",0.280388760584549,29.2980561970773
"Hyla","lesueuri","max",33.1,"ct",-38,38,148.2,304.8,25,20,1,NA,"Chordata","Amphibia","Anura","Hylidae","Terrestrial","ectotherm","Hyla_lesueuri","Brattstrom_1970",26.03037453,-1.03037453,"Hyla lesueuri",0.280388760584549,26.0902809853863
"Hyla","phyllochroa","max",29.7,"ct",-38,38,148.2,304.8,5,20,1,NA,"Chordata","Amphibia","Anura","Hylidae","Terrestrial","ectotherm","Hyla_phyllochroa","Brattstrom_1970",26.03037453,-21.03037453,"Hyla phyllochroa",0.280388760584549,28.2980561970773
"Hylarana","erythraea","max",34.8,"ct",14.09,14.09,121.49,1100,22,22,0.5,NA,"Chordata","Amphibia","Anura","Ranidae","Terrestrial","ectotherm","Hylarana_erythraea","Scheffers_et_al_2014",32.4418602,-10.4418602,NA,0.280388760584549,28.6314472671399
"Ischnochiton","australis","max",35.1,"ct",-43,43,148,0,16,20,0.017,NA,"Mollusca","Polyplacophora","Neoloricata","Ischnochitonidae","Intertidal","ectotherm","Ischnochiton_australis","Bates_et_al_2013",19.43999863,-3.43999863,NA,0.280388760584549,30.6137798306472
"Kaloula","kalingensis","max",34.3,"ct",14.09,14.09,121.49,1100,22,22,0.5,NA,"Chordata","Amphibia","Anura","Microhylidae","Terrestrial","ectotherm","Kaloula_kalingensis","Scheffers_et_al_2014",32.4418602,-10.4418602,NA,0.280388760584549,28.1314472671399
"Lacerta","agilis","max",43.9,"ct",48.52,48.52,1.98,137,35,32.5,1,NA,"Chordata","Lepidosauria","Squamata","Lacertidae","Terrestrial","ectotherm","Lacerta_agilis","Bauwens_et_al_1995",25.30908203,9.69091797,NA,0.280388760584549,34.0863933795408
"Lacerta","agilis","min",5.9,"ct",50.9,50.9,1.98,200,NA,NA,NA,NA,"Chordata","Lepidosauria","Squamata","Lacertidae","Terrestrial","ectotherm","Lacerta_agilis","Spellerberg_1975",3.304985762,NA,NA,NA,NA
"Lacerta","schreiberi","max",43,"ct",43.13,43.13,-8.08,528,35,32.5,1,NA,"Chordata","Lepidosauria","Squamata","Lacertidae","Terrestrial","ectotherm","Lacerta_schreiberi","Bauwens_et_al_1995",26.25300026,8.74699974,NA,0.280388760584549,33.1863933795408
"Leptodactylus","pentadactylus","min",6,"LT50",9.15,9.15,NA,304.8,23,NA,NA,24,"Chordata","Amphibia","Anura","Leptodactylidae","Terrestrial","ectotherm","Leptodactylus_pentadactylus","Brattstrom_1968",NA,NA,NA,0.170907369055759,2.06913051171754
"Limatula","hodgsoni","max",12.7,"ct",-77.85,77.85,166.67,0,26,-1.7,0.00069,NA,"Mollusca","Bivalvia","Limoida","Limidae","Marine","ectotherm","Limatula_hodgsoni","Morley_et_al_2016",0,26,NA,0.280388760584549,5.40989222480174
"Limnodynastes","dorsalis","max",36.5,"ct",-31.1,31.1,150.93,609.6,30,20,1,NA,"Chordata","Amphibia","Anura","Myobatrachidae","Terrestrial","ectotherm","Limnodynastes_dorsalis","Brattstrom_1970",30.00385666,-0.00385666,NA,0.280388760584549,28.0883371824635
"Limnodynastes","fletcheri","max",28.3,"ct",-31.55,31.55,147.2,304.8,5,20,1,NA,"Chordata","Amphibia","Anura","Myobatrachidae","Terrestrial","ectotherm","Limnodynastes_fletcheri","Brattstrom_1970",34.49520493,-29.49520493,NA,0.280388760584549,26.8980561970773
"Limnodynastes","tasmaniensis","max",34.9,"ct",-38,38,142.5,304.8,25,20,1,NA,"Chordata","Amphibia","Anura","Myobatrachidae","Terrestrial","ectotherm","Limnodynastes_tasmaniensis","Brattstrom_1970",24.16413116,0.83586884,NA,0.280388760584549,27.8902809853863
"Limnonectes","woodworthi","max",35.9,"ct",14.09,14.09,121.49,1100,22,22,0.5,NA,"Chordata","Amphibia","Anura","Dicroglossidae","Terrestrial","ectotherm","Limnonectes_woodworthi","Scheffers_et_al_2014",32.4418602,-10.4418602,NA,0.280388760584549,29.7314472671399
"Linepithema","humile","max",37.7,"ct",-33.92,33.92,18.87,136,20,20,0.05,NA,"Arthropoda","Insecta","Hymenoptera","Formicidae","Terrestrial","ectotherm","Linepithema_humile","Jumbam_et_al_2008ab",29.00185776,-9.00185776,NA,0.280388760584549,32.092224788309
"Linepithema","humile","min",-0.1,"ct",-33.92,33.92,18.87,136,20,20,0.05,NA,"Arthropoda","Insecta","Hymenoptera","Formicidae","Terrestrial","ectotherm","Linepithema_humile","Jumbam_et_al_2008ab",6.105827808,13.89417219,NA,0.170907369055759,-3.51814738111519
"Liocarcinus","marmoreus","max",32.2,"ct",38,38,-9,0,24,24,0.017,NA,"Arthropoda","Malacostraca","Decapoda","Polybiidae","Marine","ectotherm","Liocarcinus_marmoreus","Madeira_et_al_2012",22.84000015,1.15999985,NA,0.280388760584549,25.4706697459708
"Liolaemus","abaucan","max",47.3,"ct",-27.25,27.25,-67.42,1200,29,18,NA,NA,"Chordata","Lepidosauria","Squamata","Iguanidae","Terrestrial","ectotherm","Liolaemus_abaucan","Cruz_et_al_2005",22.52122307,6.47877693,NA,0.280388760584549,39.1687259430481
"Liolaemus","abaucan","min",15.41,"ct",-27.25,27.25,-67.42,1200,29,20,NA,NA,"Chordata","Lepidosauria","Squamata","Iguanidae","Terrestrial","ectotherm","Liolaemus_abaucan","Cruz_et_al_2005",-5.223344326,34.22334433,NA,0.170907369055759,10.453686297383
"Liolaemus","albiceps","max",44.33,"ct",-24.32,24.32,-66.15,3060,29,18,NA,NA,"Chordata","Lepidosauria","Squamata","Iguanidae","Terrestrial","ectotherm","Liolaemus_albiceps","Cruz_et_al_2005",19.91906357,9.08093643,NA,0.280388760584549,36.1987259430481
"Liolaemus","albiceps","min",7.05,"ct",-24.32,24.32,-66.15,3060,29,20,NA,NA,"Chordata","Lepidosauria","Squamata","Iguanidae","Terrestrial","ectotherm","Liolaemus_albiceps","Cruz_et_al_2005",-7.713224411,36.71322441,NA,0.170907369055759,2.09368629738298
"Liolaemus","altissimus","min",3.99,"ct",-33.4,33.4,NA,2850,20,NA,NA,NA,"Chordata","Lepidosauria","Squamata","Iguanidae","Terrestrial","ectotherm","Liolaemus_altissimus","Carothers_et_al_1997",NA,NA,NA,0.170907369055759,0.571852618884815
"Liolaemus","bibronii","max",44.53,"ct",-40.27,40.27,-68.23,0,29,18,NA,NA,"Chordata","Lepidosauria","Squamata","Iguanidae","Terrestrial","ectotherm","Liolaemus_bibronii","Cruz_et_al_2005",27.77931976,1.22068024,NA,0.280388760584549,36.3987259430481
"Liolaemus","bibronii","min",8.49,"ct",-40.27,40.27,-68.23,0,29,20,NA,NA,"Chordata","Lepidosauria","Squamata","Iguanidae","Terrestrial","ectotherm","Liolaemus_bibronii","Cruz_et_al_2005",-2.894165277,31.89416528,NA,0.170907369055759,3.53368629738298
"Liolaemus","boulengeri","max",43.99,"ct",-42.39,42.39,-64.59,0,29,18,NA,NA,"Chordata","Lepidosauria","Squamata","Iguanidae","Terrestrial","ectotherm","Liolaemus_boulengeri","Cruz_et_al_2005",29.07946014,-0.07946014,NA,0.280388760584549,35.8587259430481
"Liolaemus","boulengeri","min",9.4,"ct",-42.39,42.39,-64.59,0,29,20,NA,NA,"Chordata","Lepidosauria","Squamata","Iguanidae","Terrestrial","ectotherm","Liolaemus_boulengeri","Cruz_et_al_2005",0.697304547,28.30269545,NA,0.170907369055759,4.44368629738298
"Liolaemus","canqueli","max",44.6,"ct",-44.04,44.04,-68.36,900,29,18,NA,NA,"Chordata","Lepidosauria","Squamata","Iguanidae","Terrestrial","ectotherm","Liolaemus_canqueli","Cruz_et_al_2005",25.18285942,3.81714058,NA,0.280388760584549,36.4687259430481
"Liolaemus","canqueli","min",6.99,"ct",-44.04,44.04,-68.36,900,29,20,NA,NA,"Chordata","Lepidosauria","Squamata","Iguanidae","Terrestrial","ectotherm","Liolaemus_canqueli","Cruz_et_al_2005",-2.185246706,31.18524671,NA,0.170907369055759,2.03368629738298
"Liolaemus","capillitas","max",43.7,"ct",-29.73,29.73,-67.75,2500,29,18,NA,NA,"Chordata","Lepidosauria","Squamata","Iguanidae","Terrestrial","ectotherm","Liolaemus_capillitas","Cruz_et_al_2005",31.93452835,-2.93452835,NA,0.280388760584549,35.5687259430481
"Liolaemus","capillitas","min",7.47,"ct",-29.73,29.73,-67.75,2500,29,20,NA,NA,"Chordata","Lepidosauria","Squamata","Iguanidae","Terrestrial","ectotherm","Liolaemus_capillitas","Cruz_et_al_2005",-0.380450398,29.3804504,NA,0.170907369055759,2.51368629738298
"Liolaemus","chacoensis","max",44.1,"ct",-28.8,28.8,-66.94,700,29,18,NA,NA,"Chordata","Lepidosauria","Squamata","Iguanidae","Terrestrial","ectotherm","Liolaemus_chacoensis","Cruz_et_al_2005",30.07898331,-1.07898331,NA,0.280388760584549,35.9687259430481
"Liolaemus","chacoensis","min",14.9,"ct",-28.8,28.8,-66.94,700,29,20,NA,NA,"Chordata","Lepidosauria","Squamata","Iguanidae","Terrestrial","ectotherm","Liolaemus_chacoensis","Cruz_et_al_2005",-1.506476521,30.50647652,NA,0.170907369055759,9.94368629738298
"Liolaemus","chiliensis","min",3.68,"ct",-33.4,33.4,NA,1500,20,NA,NA,NA,"Chordata","Lepidosauria","Squamata","Iguanidae","Terrestrial","ectotherm","Liolaemus_chiliensis","Carothers_et_al_1997",NA,NA,NA,0.170907369055759,0.261852618884815
"Liolaemus","cuyanus","max",45.7,"ct",-28.18,28.18,-67.11,400,29,18,NA,NA,"Chordata","Lepidosauria","Squamata","Iguanidae","Terrestrial","ectotherm","Liolaemus_cuyanus","Cruz_et_al_2005",27.44265747,1.55734253,NA,0.280388760584549,37.5687259430481
"Liolaemus","cuyanus","min",12,"ct",-28.18,28.18,-67.11,400,29,20,NA,NA,"Chordata","Lepidosauria","Squamata","Iguanidae","Terrestrial","ectotherm","Liolaemus_cuyanus","Cruz_et_al_2005",-2.051629782,31.05162978,NA,0.170907369055759,7.04368629738298
"Liolaemus","darwinii","max",44.68,"ct",-29.51,29.51,-67.57,800,29,18,NA,NA,"Chordata","Lepidosauria","Squamata","Iguanidae","Terrestrial","ectotherm","Liolaemus_darwinii","Cruz_et_al_2005",31.93452835,-2.93452835,NA,0.280388760584549,36.5487259430481
"Liolaemus","darwinii","min",10.11,"ct",-29.51,29.51,-67.57,800,29,20,NA,NA,"Chordata","Lepidosauria","Squamata","Iguanidae","Terrestrial","ectotherm","Liolaemus_darwinii","Cruz_et_al_2005",-0.380450398,29.3804504,NA,0.170907369055759,5.15368629738298
"Liolaemus","dorbignyi","max",43.91,"ct",-24.14,24.14,-66.67,3200,29,18,NA,NA,"Chordata","Lepidosauria","Squamata","Iguanidae","Terrestrial","ectotherm","Liolaemus_dorbignyi","Cruz_et_al_2005",19.91906357,9.08093643,NA,0.280388760584549,35.7787259430481
"Liolaemus","dorbignyi","min",8.83,"ct",-24.14,24.14,-66.67,3200,29,20,NA,NA,"Chordata","Lepidosauria","Squamata","Iguanidae","Terrestrial","ectotherm","Liolaemus_dorbignyi","Cruz_et_al_2005",-7.713224411,36.71322441,NA,0.170907369055759,3.87368629738298
"Liolaemus","elongatus","max",45.1,"ct",-41.88,41.88,-69.37,700,29,18,NA,NA,"Chordata","Lepidosauria","Squamata","Iguanidae","Terrestrial","ectotherm","Liolaemus_elongatus","Cruz_et_al_2005",24.7057724,4.2942276,NA,0.280388760584549,36.9687259430481
"Liolaemus","elongatus","min",7.68,"ct",-41.88,41.88,-69.37,700,29,20,NA,NA,"Chordata","Lepidosauria","Squamata","Iguanidae","Terrestrial","ectotherm","Liolaemus_elongatus","Cruz_et_al_2005",-5.264298439,34.26429844,NA,0.170907369055759,2.72368629738298
"Liolaemus","fitzingerii","max",44.45,"ct",-43.49,43.49,-65.47,0,29,18,NA,NA,"Chordata","Lepidosauria","Squamata","Iguanidae","Terrestrial","ectotherm","Liolaemus_fitzingerii","Cruz_et_al_2005",25.87751007,3.12248993,NA,0.280388760584549,36.3187259430481
"Liolaemus","fitzingerii","min",8.24,"ct",-43.49,43.49,-65.47,0,29,20,NA,NA,"Chordata","Lepidosauria","Squamata","Iguanidae","Terrestrial","ectotherm","Liolaemus_fitzingerii","Cruz_et_al_2005",2.020338535,26.97966147,NA,0.170907369055759,3.28368629738298
"Liolaemus","fuscus","min",3.99,"ct",-33.4,33.4,NA,1200,20,NA,NA,NA,"Chordata","Lepidosauria","Squamata","Iguanidae","Terrestrial","ectotherm","Liolaemus_fuscus","Carothers_et_al_1997",NA,NA,NA,0.170907369055759,0.571852618884815
"Liolaemus","irregularis","max",44.98,"ct",-24.25,24.25,-66.35,3060,29,18,NA,NA,"Chordata","Lepidosauria","Squamata","Iguanidae","Terrestrial","ectotherm","Liolaemus_irregularis","Cruz_et_al_2005",19.91906357,9.08093643,NA,0.280388760584549,36.8487259430481
"Liolaemus","irregularis","min",6.96,"ct",-24.25,24.25,-66.35,3060,29,20,NA,NA,"Chordata","Lepidosauria","Squamata","Iguanidae","Terrestrial","ectotherm","Liolaemus_irregularis","Cruz_et_al_2005",-7.713224411,36.71322441,NA,0.170907369055759,2.00368629738298
"Liolaemus","kingii","max",44.5,"ct",-45.41,45.41,-67.56,0,29,18,NA,NA,"Chordata","Lepidosauria","Squamata","Iguanidae","Terrestrial","ectotherm","Liolaemus_kingii","Cruz_et_al_2005",24.66710854,4.33289146,NA,0.280388760584549,36.3687259430481
"Liolaemus","kingii","min",7.01,"ct",-45.41,45.41,-67.56,0,29,20,NA,NA,"Chordata","Lepidosauria","Squamata","Iguanidae","Terrestrial","ectotherm","Liolaemus_kingii","Cruz_et_al_2005",0.600426853,28.39957315,NA,0.170907369055759,2.05368629738298
"Liolaemus","koslowskyi","max",46.1,"ct",-28.8,28.8,-66.56,800,29,18,NA,NA,"Chordata","Lepidosauria","Squamata","Iguanidae","Terrestrial","ectotherm","Liolaemus_koslowskyi","Cruz_et_al_2005",33.25374985,-4.25374985,NA,0.280388760584549,37.9687259430481
"Liolaemus","koslowskyi","min",13.22,"ct",-28.8,28.8,-66.56,800,29,20,NA,NA,"Chordata","Lepidosauria","Squamata","Iguanidae","Terrestrial","ectotherm","Liolaemus_koslowskyi","Cruz_et_al_2005",3.15231657,25.84768343,NA,0.170907369055759,8.26368629738298
"Liolaemus","kriegi","max",43.67,"ct",-42.08,42.08,-69.52,950,29,18,NA,NA,"Chordata","Lepidosauria","Squamata","Iguanidae","Terrestrial","ectotherm","Liolaemus_kriegi","Cruz_et_al_2005",23.17560577,5.82439423,NA,0.280388760584549,35.5387259430481
"Liolaemus","kriegi","min",7.6,"ct",-42.08,42.08,-69.52,950,29,20,NA,NA,"Chordata","Lepidosauria","Squamata","Iguanidae","Terrestrial","ectotherm","Liolaemus_kriegi","Cruz_et_al_2005",-4.149082184,33.14908218,NA,0.170907369055759,2.64368629738298
"Liolaemus","laurenti","max",46.18,"ct",-30.12,30.12,-67.4,800,29,18,NA,NA,"Chordata","Lepidosauria","Squamata","Iguanidae","Terrestrial","ectotherm","Liolaemus_laurenti","Cruz_et_al_2005",31.93452835,-2.93452835,NA,0.280388760584549,38.0487259430481
"Liolaemus","laurenti","min",12.2,"ct",-30.12,30.12,-67.4,800,29,20,NA,NA,"Chordata","Lepidosauria","Squamata","Iguanidae","Terrestrial","ectotherm","Liolaemus_laurenti","Cruz_et_al_2005",-0.380450398,29.3804504,NA,0.170907369055759,7.24368629738298
"Liolaemus","lemniscatus","min",5.95,"ct",-33.4,33.4,NA,1200,20,NA,NA,NA,"Chordata","Lepidosauria","Squamata","Iguanidae","Terrestrial","ectotherm","Liolaemus_lemniscatus","Carothers_et_al_1997",NA,NA,NA,0.170907369055759,2.53185261888482
"Liolaemus","leopardinus","min",2.63,"ct",-33.67,33.67,NA,2850,20,NA,NA,NA,"Chordata","Lepidosauria","Squamata","Iguanidae","Terrestrial","ectotherm","Liolaemus_leopardinus","Carothers_et_al_1997",NA,NA,NA,0.170907369055759,-0.788147381115185
"Liolaemus","melanops","max",44.94,"ct",-42.27,42.27,-64.08,900,29,18,NA,NA,"Chordata","Lepidosauria","Squamata","Iguanidae","Terrestrial","ectotherm","Liolaemus_melanops","Cruz_et_al_2005",25.96515656,3.03484344,NA,0.280388760584549,36.8087259430481
"Liolaemus","melanops","min",5.65,"ct",-42.27,42.27,-64.08,900,29,20,NA,NA,"Chordata","Lepidosauria","Squamata","Iguanidae","Terrestrial","ectotherm","Liolaemus_melanops","Cruz_et_al_2005",3.257247448,25.74275255,NA,0.170907369055759,0.693686297382982
"Liolaemus","monticola","min",4.54,"ct",-33.4,33.4,NA,2200,20,NA,NA,NA,"Chordata","Lepidosauria","Squamata","Iguanidae","Terrestrial","ectotherm","Liolaemus_monticola","Carothers_et_al_1997",NA,NA,NA,0.170907369055759,1.12185261888482
"Liolaemus","multicolor","max",44.7,"ct",-40.44,40.44,-68.37,0,29,18,NA,NA,"Chordata","Lepidosauria","Squamata","Iguanidae","Terrestrial","ectotherm","Liolaemus_multicolor","Cruz_et_al_2005",27.77931976,1.22068024,NA,0.280388760584549,36.5687259430481
"Liolaemus","multicolor","min",8.06,"ct",-40.44,40.44,-68.37,0,29,20,NA,NA,"Chordata","Lepidosauria","Squamata","Iguanidae","Terrestrial","ectotherm","Liolaemus_multicolor","Cruz_et_al_2005",-2.894165277,31.89416528,NA,0.170907369055759,3.10368629738298
"Liolaemus","multimaculatus","max",43.83,"ct",-38.54,38.54,-58.55,0,29,18,NA,NA,"Chordata","Lepidosauria","Squamata","Iguanidae","Terrestrial","ectotherm","Liolaemus_multimaculatus","Cruz_et_al_2005",27.88147354,1.11852646,NA,0.280388760584549,35.6987259430481
"Liolaemus","multimaculatus","min",8.93,"ct",-38.54,38.54,-58.55,0,29,20,NA,NA,"Chordata","Lepidosauria","Squamata","Iguanidae","Terrestrial","ectotherm","Liolaemus_multimaculatus","Cruz_et_al_2005",3.392099857,25.60790014,NA,0.170907369055759,3.97368629738298
"Liolaemus","nigroviridis","min",3.3,"ct",-33.4,33.4,NA,2675,20,NA,NA,NA,"Chordata","Lepidosauria","Squamata","Iguanidae","Terrestrial","ectotherm","Liolaemus_nigroviridis","Carothers_et_al_1997",NA,NA,NA,0.170907369055759,-0.118147381115185
"Liolaemus","nitidus","min",3.6,"ct",-33.4,33.4,NA,2200,20,NA,NA,NA,"Chordata","Lepidosauria","Squamata","Iguanidae","Terrestrial","ectotherm","Liolaemus_nitidus","Carothers_et_al_1997",NA,NA,NA,0.170907369055759,0.181852618884815
"Liolaemus","olongasta","max",44.58,"ct",-29.82,29.82,-67.95,900,29,18,NA,NA,"Chordata","Lepidosauria","Squamata","Iguanidae","Terrestrial","ectotherm","Liolaemus_olongasta","Cruz_et_al_2005",31.93452835,-2.93452835,NA,0.280388760584549,36.4487259430481
"Liolaemus","olongasta","min",11.85,"ct",-29.82,29.82,-67.95,900,29,20,NA,NA,"Chordata","Lepidosauria","Squamata","Iguanidae","Terrestrial","ectotherm","Liolaemus_olongasta","Cruz_et_al_2005",-0.380450398,29.3804504,NA,0.170907369055759,6.89368629738298
"Liolaemus","petrophilus","max",45.23,"ct",-42.26,42.26,-68.41,900,29,18,NA,NA,"Chordata","Lepidosauria","Squamata","Iguanidae","Terrestrial","ectotherm","Liolaemus_petrophilus","Cruz_et_al_2005",24.7057724,4.2942276,NA,0.280388760584549,37.0987259430481
"Liolaemus","petrophilus","min",7.31,"ct",-42.26,42.26,-68.41,900,29,20,NA,NA,"Chordata","Lepidosauria","Squamata","Iguanidae","Terrestrial","ectotherm","Liolaemus_petrophilus","Cruz_et_al_2005",-5.264298439,34.26429844,NA,0.170907369055759,2.35368629738298
"Liolaemus","poecilochromus","max",44.16,"ct",-27.52,27.52,-68.13,3500,29,18,NA,NA,"Chordata","Lepidosauria","Squamata","Iguanidae","Terrestrial","ectotherm","Liolaemus_poecilochromus","Cruz_et_al_2005",20.92873192,8.07126808,NA,0.280388760584549,36.0287259430481
"Liolaemus","poecilochromus","min",9.35,"ct",-27.52,27.52,-68.13,3500,29,20,NA,NA,"Chordata","Lepidosauria","Squamata","Iguanidae","Terrestrial","ectotherm","Liolaemus_poecilochromus","Cruz_et_al_2005",-8.259500504,37.2595005,NA,0.170907369055759,4.39368629738298
"Liolaemus","pseudoanomalus","max",45.93,"ct",-28.8,28.8,-66.94,990,29,18,NA,NA,"Chordata","Lepidosauria","Squamata","Iguanidae","Terrestrial","ectotherm","Liolaemus_pseudoanomalus","Cruz_et_al_2005",30.07898331,-1.07898331,NA,0.280388760584549,37.7987259430481
"Liolaemus","pseudoanomalus","min",12.19,"ct",-28.8,28.8,-66.94,990,29,20,NA,NA,"Chordata","Lepidosauria","Squamata","Iguanidae","Terrestrial","ectotherm","Liolaemus_pseudoanomalus","Cruz_et_al_2005",-1.506476521,30.50647652,NA,0.170907369055759,7.23368629738298
"Liolaemus","quilmes","max",44.69,"ct",-26.59,26.59,-66.16,1600,29,18,NA,NA,"Chordata","Lepidosauria","Squamata","Iguanidae","Terrestrial","ectotherm","Liolaemus_quilmes","Cruz_et_al_2005",25.81286621,3.18713379,NA,0.280388760584549,36.5587259430481
"Liolaemus","quilmes","min",8.46,"ct",-26.59,26.59,-66.16,1600,29,20,NA,NA,"Chordata","Lepidosauria","Squamata","Iguanidae","Terrestrial","ectotherm","Liolaemus_quilmes","Cruz_et_al_2005",-2.297008276,31.29700828,NA,0.170907369055759,3.50368629738298
"Liolaemus","riojanus","max",45.2,"ct",-30.2,30.2,-67.67,500,29,18,NA,NA,"Chordata","Lepidosauria","Squamata","Iguanidae","Terrestrial","ectotherm","Liolaemus_riojanus","Cruz_et_al_2005",33.5852356,-4.5852356,NA,0.280388760584549,37.0687259430481
"Liolaemus","riojanus","min",10.7,"ct",-30.2,30.2,-67.67,500,29,20,NA,NA,"Chordata","Lepidosauria","Squamata","Iguanidae","Terrestrial","ectotherm","Liolaemus_riojanus","Cruz_et_al_2005",1.363882303,27.6361177,NA,0.170907369055759,5.74368629738298
"Liolaemus","robertmertensi","max",43,"ct",-28.81,28.81,-66.74,690,29,18,NA,NA,"Chordata","Lepidosauria","Squamata","Iguanidae","Terrestrial","ectotherm","Liolaemus_robertmertensi","Cruz_et_al_2005",33.25374985,-4.25374985,NA,0.280388760584549,34.8687259430481
"Liolaemus","robertmertensi","min",14.07,"ct",-28.81,28.81,-66.74,690,29,20,NA,NA,"Chordata","Lepidosauria","Squamata","Iguanidae","Terrestrial","ectotherm","Liolaemus_robertmertensi","Cruz_et_al_2005",3.15231657,25.84768343,NA,0.170907369055759,9.11368629738298
"Liolaemus","rothi","max",43.8,"ct",-40.29,40.29,-68.45,500,29,18,NA,NA,"Chordata","Lepidosauria","Squamata","Iguanidae","Terrestrial","ectotherm","Liolaemus_rothi","Cruz_et_al_2005",27.77931976,1.22068024,NA,0.280388760584549,35.6687259430481
"Liolaemus","rothi","min",5.5,"ct",-40.29,40.29,-68.45,500,29,20,NA,NA,"Chordata","Lepidosauria","Squamata","Iguanidae","Terrestrial","ectotherm","Liolaemus_rothi","Cruz_et_al_2005",-2.894165277,31.89416528,NA,0.170907369055759,0.543686297382981
"Liolaemus","salinicola","max",48.21,"ct",-27.48,27.48,-67.64,0,29,18,NA,NA,"Chordata","Lepidosauria","Squamata","Iguanidae","Terrestrial","ectotherm","Liolaemus_salinicola","Cruz_et_al_2005",27.44265747,1.55734253,NA,0.280388760584549,40.0787259430481
"Liolaemus","salinicola","min",14.2,"ct",-27.48,27.48,-67.64,0,29,20,NA,NA,"Chordata","Lepidosauria","Squamata","Iguanidae","Terrestrial","ectotherm","Liolaemus_salinicola","Cruz_et_al_2005",-2.051629782,31.05162978,NA,0.170907369055759,9.24368629738298
"Liolaemus","scapularis","max",45.57,"ct",-26.59,26.59,-66.16,1000,29,18,NA,NA,"Chordata","Lepidosauria","Squamata","Iguanidae","Terrestrial","ectotherm","Liolaemus_scapularis","Cruz_et_al_2005",25.81286621,3.18713379,NA,0.280388760584549,37.4387259430481
"Liolaemus","scapularis","min",9.39,"ct",-26.59,26.59,-66.16,1000,29,20,NA,NA,"Chordata","Lepidosauria","Squamata","Iguanidae","Terrestrial","ectotherm","Liolaemus_scapularis","Cruz_et_al_2005",-2.297008276,31.29700828,NA,0.170907369055759,4.43368629738298
"Liolaemus","schroederi","min",5.4,"ct",-33.4,33.4,NA,2350,20,NA,NA,NA,"Chordata","Lepidosauria","Squamata","Iguanidae","Terrestrial","ectotherm","Liolaemus_schroederi","Carothers_et_al_1997",NA,NA,NA,0.170907369055759,1.98185261888482
"Liolaemus","telsen","max",44.6,"ct",-42.39,42.39,-64.59,400,29,18,NA,NA,"Chordata","Lepidosauria","Squamata","Iguanidae","Terrestrial","ectotherm","Liolaemus_telsen","Cruz_et_al_2005",29.07946014,-0.07946014,NA,0.280388760584549,36.4687259430481
"Liolaemus","telsen","min",8.98,"ct",-42.39,42.39,-64.59,400,29,20,NA,NA,"Chordata","Lepidosauria","Squamata","Iguanidae","Terrestrial","ectotherm","Liolaemus_telsen","Cruz_et_al_2005",0.697304547,28.30269545,NA,0.170907369055759,4.02368629738298
"Liolaemus","tenuis","min",4.16,"ct",-33.4,33.4,NA,1500,20,NA,NA,NA,"Chordata","Lepidosauria","Squamata","Iguanidae","Terrestrial","ectotherm","Liolaemus_tenuis","Carothers_et_al_1997",NA,NA,NA,0.170907369055759,0.741852618884815
"Liolaemus","xanthoviridis","max",44.48,"ct",-43.74,43.74,-65.58,0,29,18,NA,NA,"Chordata","Lepidosauria","Squamata","Iguanidae","Terrestrial","ectotherm","Liolaemus_xanthoviridis","Cruz_et_al_2005",25.87751007,3.12248993,NA,0.280388760584549,36.3487259430481
"Liolaemus","xanthoviridis","min",7.86,"ct",-43.74,43.74,-65.58,0,29,20,NA,NA,"Chordata","Lepidosauria","Squamata","Iguanidae","Terrestrial","ectotherm","Liolaemus_xanthoviridis","Cruz_et_al_2005",2.020338535,26.97966147,NA,0.170907369055759,2.90368629738298
"Liothyrella","neozelanica","max",29.4,"ct",-45.4,45.4,167.1,0,26,18.7,0.017,NA,"Brachiopoda","Rhynchonellata","Terebratulida","Terebratulidae","Marine","ectotherm","Liothyrella_neozelanica","Morley_et_al_2016",18.27999878,7.72000122,NA,0.280388760584549,22.1098922248017
"Lipinia","pulchella","max",35.1,"ct",14.09,14.09,121.49,1100,22,22,0.5,NA,"Chordata","Lepidosauria","Squamata","Scincidae","Terrestrial","ectotherm","Lipinia_pulchella","Scheffers_et_al_2014",32.4418602,-10.4418602,NA,0.280388760584549,28.9314472671399
"Lipophrys","trigloides","max",33.8,"ct",38,38,-9,0,24,24,0.017,NA,"Chordata","Actinopteri","Perciformes","Blenniidae","Marine","ectotherm","Lipophrys_trigloides","Madeira_et_al_2012",22.84000015,1.15999985,NA,0.280388760584549,27.0706697459708
"Litoria","gracilenta","max",39,"ct",-27.5,27.5,153,5,25,25,0.33,NA,"Chordata","Amphibia","Anura","Hylidae","Terrestrial","ectotherm","Litoria_gracilenta","Johnson_1972",31.01422119,-6.01422119,"Litoria gracilenta",0.280388760584549,31.9902809853863
"Macoma","balthica","max",30.97,"LT50",53,53,5,0,10,NA,NA,24,"Mollusca","Bivalvia","Veneroida","Tellinidae","Intertidal","ectotherm","Macoma_balthica","Compton_et_al2007",20.19999886,-10.19999886,NA,0.280388760584549,28.1661123941545
"Macoma","balthica","min",-7.01,"LT50",53,53,5,0,5,NA,NA,24,"Mollusca","Bivalvia","Veneroida","Tellinidae","Intertidal","ectotherm","Macoma_balthica","Compton_et_al2007",1.279999971,3.720000029,NA,0.170907369055759,-7.8645368452788
"Malacoctenus","zonifer","max",38.2,"ct",2.96,2.96,-78.2,0,26.5,26.5,0.017,NA,"Chordata","Actinopteri","Perciformes","Labrisomidae","Marine","ectotherm","Malacoctenus_zonifer","Mora_&_Ospina_2001",29.89999962,-3.39999962,NA,0.280388760584549,30.7696978445095
"Malacoctenus","zonifer","min",12.5,"ct",2.96,2.96,-78.2,0,26.5,26.5,0.017,NA,"Chordata","Actinopteri","Perciformes","Labrisomidae","Marine","ectotherm","Malacoctenus_zonifer","Mora_&_Ospina_2002",24.36999893,2.13000107,NA,0.170907369055759,7.97095472002238
"Menidia","menidia","max",32.5,"LT50",40,40,-74,0,NA,NA,NA,72,"Chordata","Actinopteri","Atheriniformes","Atherinopsidae","Marine","ectotherm","Menidia_menidia","Hoff&Westman1966_in_Brett_1970",26.31999969,NA,NA,NA,NA
"Menidia","menidia","min",1.5,"LT50",40,40,-74,0,7,NA,NA,72,"Chordata","Actinopteri","Atheriniformes","Atherinopsidae","Marine","ectotherm","Menidia_menidia","Hoff&Westman1966_in_Brett_1970",2.629999876,4.370000124,NA,0.170907369055759,0.303648416609685
"Metacarcinus","magister","max",33.5,"LT50",48.68,48.68,-122.5,0,17.5,0.5,NA,NA,"Arthropoda","Malacostraca","Decapoda","Cancridae","Marine","ectotherm","Metacarcinus_magister","Prentice_&_Schneider_1979",15.55999947,1.94000053,NA,0.280388760584549,28.5931966897704
"Mulinia","lateralis","max",32,"LT50",37.11,37.11,-76.13,0,25,NA,NA,24,"Mollusca","Bivalvia","Veneroida","Mactridae","Marine","ectotherm","Mulinia_lateralis","Kennedy_&_Mihursky_1971",27.84000015,-2.84000015,NA,0.280388760584549,24.9902809853863
"Mya","arenaria","max",32,"LT50",37.11,37.11,-76.13,0,25,NA,NA,24,"Mollusca","Bivalvia","Myoida","Myidae","Marine","ectotherm","Mya_arenaria","Kennedy_&_Mihursky_1971",27.84000015,-2.84000015,NA,0.280388760584549,24.9902809853863
"Myrmecocystus","mimicus","max",47.7,"ct",36.68,36.68,-108.31,1191,24,NA,1,NA,"Arthropoda","Insecta","Hymenoptera","Formicidae","Terrestrial","ectotherm","Myrmecocystus_mimicus","Kay_1978",31.86585999,-7.86585999,NA,0.280388760584549,40.9706697459708
"Myrmecocystus","mimicus","min",11.2,"ct",36.68,36.68,-108.31,1191,24,NA,1,NA,"Arthropoda","Insecta","Hymenoptera","Formicidae","Terrestrial","ectotherm","Myrmecocystus_mimicus","Kay_1978",-8.875670433,32.87567043,NA,0.170907369055759,7.09822314266178
"Nacella","concinna","max",5,"ct",-67.5,67.5,-68,0,NA,NA,NA,NA,"Mollusca","Gastropoda","Patellogastropoda","Nacellidae","Intertidal","ectotherm","Nacella_concinna","Peck_et_al_2002",1.350000024,NA,NA,NA,NA
"Nacella","concinna","min",-12.9,"LT50",-54.18,54.18,-68,0,10,NA,NA,12,"Mollusca","Gastropoda","Patellogastropoda","Nacellidae","Intertidal","ectotherm","Nacella_concinna","Davenport_1997",4.329999924,5.670000076,NA,0.170907369055759,-14.6090736905576
"Neobatrachus","pictus","max",29.3,"ct",-31.1,31.1,150.93,609.6,5,20,1,NA,"Chordata","Amphibia","Anura","Myobatrachidae","Terrestrial","ectotherm","Neobatrachus_pictus","Brattstrom_1970",30.00385666,-25.00385666,NA,0.280388760584549,27.8980561970773
"Notophthalmus","viridescens","max",37.3,"ct",37.4,37.4,-80.5,1158,21.5,25,NA,NA,"Chordata","Amphibia","Caudata","Salamandridae","Terrestrial","ectotherm","Notophthalmus_viridescens","Zweifel_1957",30.00385284,-8.50385284,NA,0.280388760584549,31.2716416474322
"Occidozyga","laevis","max",35.3,"ct",14.09,14.09,121.49,1100,22,22,0.5,NA,"Chordata","Amphibia","Anura","Dicroglossidae","Terrestrial","ectotherm","Occidozyga_laevis","Scheffers_et_al_2014",32.4418602,-10.4418602,NA,0.280388760584549,29.1314472671399
"Oedothorax","apicatus","max",40.8,"ct",55.4,55.4,14.19,3,15,15,0.5,NA,"Arthropoda","Arachnida","Araneae","Linyphiidae","Terrestrial","ectotherm","Oedothorax_apicatus","Almquist_1970",20.58191681,-5.58191681,NA,0.280388760584549,36.5941685912318
"Oedothorax","apicatus","min",-7.5,"LT50",55.4,55.4,14.19,3,4,0.02,NA,72,"Arthropoda","Arachnida","Araneae","Linyphiidae","Terrestrial","ectotherm","Oedothorax_apicatus","Almquist_1970",-1.632228255,5.632228255,NA,0.170907369055759,-8.18362947622304
"Oligosoma","maccanni","min",3.3,"ct",-45.45,45.45,NA,523,21,NA,NA,NA,"Chordata","Lepidosauria","Squamata","Scincidae","Terrestrial","ectotherm","Oligosoma_maccanni","Besson_&_Cree_2007,2011",NA,NA,NA,0.170907369055759,-0.289054750170945
"Pachycara","brachycephalum","max",10,"ct",-61.72,61.72,-59.2,0,0,0,0.000694,NA,"Chordata","Actinopteri","Perciformes","Zoarcidae","Marine","ectotherm","Pachycara_brachycephalum","Vandijk_et_al_1999",3.029999971,-3.029999971,NA,0.280388760584549,10
"Pachygrapsus","marmoratus","max",35.7,"ct",38,38,-9,0,24,24,0.017,NA,"Arthropoda","Malacostraca","Decapoda","Grapsidae","Intertidal","ectotherm","Pachygrapsus_marmoratus","Madeira_et_al_2012",22.84000015,1.15999985,NA,0.280388760584549,28.9706697459708
"Pardosa","nigriceps","max",39.7,"ct",55.4,55.4,14.19,3,15,15,0.5,NA,"Arthropoda","Arachnida","Araneae","Lycosidae","Terrestrial","ectotherm","Pardosa_nigriceps","Almquist_1970",20.58191681,-5.58191681,NA,0.280388760584549,35.4941685912318
"Pardosa","nigriceps","min",-7.2,"LT50",55.4,55.4,14.19,3,4,0.02,NA,72,"Arthropoda","Arachnida","Araneae","Lycosidae","Terrestrial","ectotherm","Pardosa_nigriceps","Almquist_1970",-1.632228255,5.632228255,NA,0.170907369055759,-7.88362947622304
"Parvoscincus","decipiens","max",32.9,"ct",14.09,14.09,121.49,1100,22,22,0.5,NA,"Chordata","Lepidosauria","Squamata","Scincidae","Terrestrial","ectotherm","Parvoscincus_decipiens","Scheffers_et_al_2014",32.4418602,-10.4418602,NA,0.280388760584549,26.7314472671399
"Patiriella","brevispina","max",30,"ct",-38,38,148.5,0,16,20,0.017,NA,"Echinodermata","Asteroidea","Valvatida","Asterinidae","Intertidal","ectotherm","Patiriella_brevispina","Bates_et_al_2013",21.44999886,-5.44999886,"Patiriella brevispina",0.280388760584549,25.5137798306472
"Pegusa","lascaris","max",32.9,"ct",38,38,-9,0,24,24,0.017,NA,"Chordata","Actinopteri","Pleuronectiformes","Soleidae","Marine","ectotherm","Pegusa_lascaris","Madeira_et_al_2012",22.84000015,1.15999985,NA,0.280388760584549,26.1706697459708
"Periophthalmus","kalolo","max",40.7,"ct",-5.7,5.7,123.7,0,27.5,27.5,0.21,NA,"Chordata","Actinopteri","Perciformes","Gobiidae","Marine","ectotherm","Periophthalmus_kalolo","Taylor_et_al_2005",31.20999908,-3.70999908,NA,0.280388760584549,32.9893090839249
"Periophthalmus","kalolo","min",12.8,"ct",-5.7,5.7,123.7,0,27.5,27.5,0.2,NA,"Chordata","Actinopteri","Perciformes","Gobiidae","Marine","ectotherm","Periophthalmus_kalolo","Taylor_et_al_2005",26.23999977,1.26000023,NA,0.170907369055759,8.10004735096662
"Petrolisthes","gracilis","max",41.6,"ct",31,31,-114.34,0,35,35,0.1,NA,"Arthropoda","Malacostraca","Decapoda","Porcellanidae","Intertidal","ectotherm","Petrolisthes_gracilis","Stillman_2004",32.15999985,2.84000015,NA,0.280388760584549,31.7863933795408
"Petrolisthes","gracilis","min",1.9,"ct",31,31,-114.34,0,15,15,0.1,NA,"Arthropoda","Malacostraca","Decapoda","Porcellanidae","Intertidal","ectotherm","Petrolisthes_gracilis","Stillman_2004",14.47999954,0.52000046,NA,0.170907369055759,-0.663610535836389
"Petrolisthes","hirtipes","max",39.3,"ct",31,31,-114.34,0,25,25,0.1,NA,"Arthropoda","Malacostraca","Decapoda","Porcellanidae","Intertidal","ectotherm","Petrolisthes_hirtipes","Stillman_2004",32.15999985,-7.15999985,NA,0.280388760584549,32.2902809853863
"Petrolisthes","hirtipes","min",4.5,"ct",31,31,-114.34,0,15,15,0.1,NA,"Arthropoda","Malacostraca","Decapoda","Porcellanidae","Intertidal","ectotherm","Petrolisthes_hirtipes","Stillman_2004",14.47999954,0.52000046,NA,0.170907369055759,1.93638946416361
"Petrosaurus","mearnsi","max",42.6,"ct",33.89,33.89,-116.68,454,15,39,0.017,NA,"Chordata","Lepidosauria","Squamata","Phrynosomatidae","Terrestrial","ectotherm","Petrosaurus_mearnsi","Murrish_&_Vance_1968",37.67389297,-22.67389297,NA,0.280388760584549,38.3941685912318
"Philautus","surdus","max",33.6,"ct",14.09,14.09,121.49,1100,22,22,0.5,NA,"Chordata","Amphibia","Anura","Rhacophoridae","Terrestrial","ectotherm","Philautus_surdus","Scheffers_et_al_2014",32.4418602,-10.4418602,NA,0.280388760584549,27.4314472671399
"Philodromus","aureolus","max",42.1,"ct",55.4,55.4,14.19,3,15,15,0.5,NA,"Arthropoda","Arachnida","Araneae","Philodromidae","Terrestrial","ectotherm","Philodromus_aureolus","Almquist_1970",20.58191681,-5.58191681,NA,0.280388760584549,37.8941685912318
"Philodromus","aureolus","min",-10.8,"LT50",55.4,55.4,14.19,3,4,0.02,NA,72,"Arthropoda","Arachnida","Araneae","Philodromidae","Terrestrial","ectotherm","Philodromus_aureolus","Almquist_1970",-1.632228255,5.632228255,NA,0.170907369055759,-11.483629476223
"Philoria","frosti","max",28.8,"ct",-37.84,37.84,146.27,944.9,25,20,1,NA,"Chordata","Amphibia","Anura","Myobatrachidae","Terrestrial","ectotherm","Philoria_frosti","Brattstrom_1970",25.08243942,-0.08243942,NA,0.280388760584549,21.7902809853863
"Philoria","loveridgei","max",30.5,"ct",-28.28,28.28,153.11,762,10,20,1,NA,"Chordata","Amphibia","Anura","Myobatrachidae","Terrestrial","ectotherm","Philoria_loveridgei","Brattstrom_1970",30.11128998,-20.11128998,NA,0.280388760584549,27.6961123941545
"Phrurolithus","festivus","max",45.6,"ct",55.4,55.4,14.19,3,15,15,0.5,NA,"Arthropoda","Arachnida","Araneae","Corinnidae","Terrestrial","ectotherm","Phrurolithus_festivus","Almquist_1970",20.58191681,-5.58191681,NA,0.280388760584549,41.3941685912318
"Phrynosoma","cornutum","max",47.9,"ct",32.28,32.28,-106.75,1208,30,NA,1,NA,"Chordata","Lepidosauria","Squamata","Iguanidae","Terrestrial","ectotherm","Phrynosoma_cornutum","Prieto_&_Whitford_1971",34.47553635,-4.47553635,NA,0.280388760584549,39.4883371824635
"Phrynosoma","cornutum","min",9.5,"ct",32.28,32.28,-106.75,1208,30,NA,NA,NA,"Chordata","Lepidosauria","Squamata","Iguanidae","Terrestrial","ectotherm","Phrynosoma_cornutum","Prieto_&_Whitford_1971",-3.620305538,33.62030554,NA,0.170907369055759,4.37277892832722
"Pinoyscincus","abdictus","max",36.9,"ct",14.09,14.09,121.49,1100,22,22,0.5,NA,"Chordata","Lepidosauria","Squamata","Scincidae","Terrestrial","ectotherm","Pinoyscincus_abdictus","Scheffers_et_al_2014",32.4418602,-10.4418602,NA,0.280388760584549,30.7314472671399
"Pinoyscincus","jagori","max",37,"ct",14.09,14.09,121.49,1100,22,22,0.5,NA,"Chordata","Lepidosauria","Squamata","Scincidae","Terrestrial","ectotherm","Pinoyscincus_jagori","Scheffers_et_al_2014",32.4418602,-10.4418602,NA,0.280388760584549,30.8314472671399
"Plagiotremus","azaleus","max",35.3,"ct",2.96,2.96,-78.2,0,26.5,26.5,0.017,NA,"Chordata","Actinopteri","Perciformes","Blenniidae","Marine","ectotherm","Plagiotremus_azaleus","Mora_&_Ospina_2001",29.89999962,-3.39999962,NA,0.280388760584549,27.8696978445095
"Plagiotremus","azaleus","min",13.4,"ct",2.96,2.96,-78.2,0,26.5,26.5,0.017,NA,"Chordata","Actinopteri","Perciformes","Blenniidae","Marine","ectotherm","Plagiotremus_azaleus","Mora_&_Ospina_2002",24.36999893,2.13000107,NA,0.170907369055759,8.87095472002238
"Platymantis","banahao","max",33.8,"ct",14.09,14.09,121.49,1100,22,22,0.5,NA,"Chordata","Amphibia","Anura","Ceratobatrachidae","Terrestrial","ectotherm","Platymantis_banahao","Scheffers_et_al_2014",32.4418602,-10.4418602,NA,0.280388760584549,27.6314472671399
"Platymantis","corrugatus","max",33.7,"ct",14.09,14.09,121.49,1100,22,22,0.5,NA,"Chordata","Amphibia","Anura","Ceratobatrachidae","Terrestrial","ectotherm","Platymantis_corrugatus","Scheffers_et_al_2014",32.4418602,-10.4418602,NA,0.280388760584549,27.5314472671399
"Platymantis","dorsalis","max",32.9,"ct",14.09,14.09,121.49,1100,22,22,0.5,NA,"Chordata","Amphibia","Anura","Ceratobatrachidae","Terrestrial","ectotherm","Platymantis_dorsalis","Scheffers_et_al_2014",32.4418602,-10.4418602,NA,0.280388760584549,26.7314472671399
"Platymantis","luzonensis","max",34.7,"ct",14.09,14.09,121.49,1100,22,22,0.5,NA,"Chordata","Amphibia","Anura","Ceratobatrachidae","Terrestrial","ectotherm","Platymantis_luzonensis","Scheffers_et_al_2014",32.4418602,-10.4418602,NA,0.280388760584549,28.5314472671399
"Platysaurus","intermedius","max",44.8,"ct",-24.58,24.58,31.18,559,25,NA,1,NA,"Chordata","Lepidosauria","Squamata","Cordylidae","Terrestrial","ectotherm","Platysaurus_intermedius","Lailvaux_et_al_2003",31.0124588,-6.0124588,NA,0.280388760584549,37.7902809853863
"Platysaurus","intermedius","min",8.8,"ct",-24.58,24.58,31.18,559,29,NA,1,NA,"Chordata","Lepidosauria","Squamata","Cordylidae","Terrestrial","ectotherm","Platysaurus_intermedius","Lailvaux_et_al_2003",6.84480238,22.15519762,NA,0.170907369055759,3.84368629738298
"Plestiodon","chinensis","max",42.3,"ct",30.21,30.21,120.1,140,28,NA,0.25,NA,"Chordata","Lepidosauria","Squamata","Scincidae","Terrestrial","ectotherm","Plestiodon_chinensis","Ji_1995",31.90628052,-3.90628052,NA,0.280388760584549,34.4491147036326
"Plestiodon","chinensis","min",6.3,"ct",30.21,30.21,120.1,140,28,NA,0.25,NA,"Chordata","Lepidosauria","Squamata","Scincidae","Terrestrial","ectotherm","Plestiodon_chinensis","Ji_1995",-0.171070173,28.17107017,NA,0.170907369055759,1.51459366643874
"Plestiodon","elegans","max",41.9,"ct",30.27,30.27,120.15,15,28,28,0.25,NA,"Chordata","Lepidosauria","Squamata","Scincidae","Terrestrial","ectotherm","Plestiodon_elegans","Du_et_al_2000",31.90628052,-3.90628052,NA,0.280388760584549,34.0491147036326
"Plestiodon","elegans","min",9.3,"ct",30.27,30.27,120.15,15,28,28,0.25,NA,"Chordata","Lepidosauria","Squamata","Scincidae","Terrestrial","ectotherm","Plestiodon_elegans","Du_et_al_2000",-0.171070173,28.17107017,NA,0.170907369055759,4.51459366643874
"Plestiodon","gilberti","max",42.3,"ct",38.42,38.42,-120.82,300,20,NA,1,NA,"Chordata","Lepidosauria","Squamata","Scincidae","Terrestrial","ectotherm","Plestiodon_gilberti","Youssef_et_al_2008",31.3946476,-11.3946476,NA,0.280388760584549,36.692224788309
"Plestiodon","gilberti","min",7.7,"ct",38.42,38.42,-120.82,300,20,NA,1,NA,"Chordata","Lepidosauria","Squamata","Scincidae","Terrestrial","ectotherm","Plestiodon_gilberti","Youssef_et_al_2008",1.814847946,18.18515205,NA,0.170907369055759,4.28185261888482
"Plestiodon","skiltonianus","max",41.3,"ct",45.67,45.67,-118.79,328,13.5,NA,NA,NA,"Chordata","Lepidosauria","Squamata","Scincidae","Terrestrial","ectotherm","Plestiodon_skiltonianus","Brattstrom_1965",30.24074936,-16.74074936,NA,0.280388760584549,37.5147517321086
"Plethodon","glutinosus","max",34.3,"ct",40.78,40.78,-75.28,1100,25,25,1,NA,"Chordata","Amphibia","Caudata","Plethodontidae","Terrestrial","ectotherm","Plethodon_glutinosus","Elwood_2003",29.23267746,-4.23267746,NA,0.280388760584549,27.2902809853863
"Podarcis","bocagei","max",45.4,"ct",40.87,40.87,-4.48,1015,35,32.5,1,NA,"Chordata","Lepidosauria","Squamata","Lacertidae","Terrestrial","ectotherm","Podarcis_bocagei","Bauwens_et_al_1995",30.46661186,4.53338814,NA,0.280388760584549,35.5863933795408
"Podarcis","lilfordi","max",43.3,"ct",39.52,39.52,3.29,57,35,32.5,1,NA,"Chordata","Lepidosauria","Squamata","Lacertidae","Terrestrial","ectotherm","Podarcis_lilfordi","Bauwens_et_al_1995",30.57573318,4.42426682,NA,0.280388760584549,33.4863933795408
"Podarcis","muralis","max",44.2,"ct",40.41,40.41,-5.06,1603,35,32.5,1,NA,"Chordata","Lepidosauria","Squamata","Lacertidae","Terrestrial","ectotherm","Podarcis_muralis","Bauwens_et_al_1995",32.61578369,2.38421631,NA,0.280388760584549,34.3863933795408
"Podarcis","muralis","min",5.9,"ct",51.8,51.8,-5.06,NA,NA,NA,NA,NA,"Chordata","Lepidosauria","Squamata","Lacertidae","Terrestrial","ectotherm","Podarcis_muralis","Huey_unpubl_data_in_Huey_et_al_2012",4.80556345,NA,NA,NA,NA
"Pogonomyrmex","barbatus","max",46.5,"ct",29.64,29.64,-81.64,6,25,36,0.2,NA,"Arthropoda","Insecta","Hymenoptera","Formicidae","Terrestrial","ectotherm","Pogonomyrmex_barbatus","Diamond_et_al_2012",33.57506561,-8.57506561,NA,0.280388760584549,39.4902809853863
"Pogonomyrmex","californicus","max",51.78,"ct",36.17,36.17,-115.14,620,40,45,0.175,NA,"Arthropoda","Insecta","Hymenoptera","Formicidae","Terrestrial","ectotherm","Pogonomyrmex_californicus","Lighton_&_Turner_2004",37.43787384,2.56212616,NA,0.280388760584549,40.5644495766181
"Pogonomyrmex","rugosus","max",51.59,"ct",36.17,36.17,-115.14,620,40,45,0.175,NA,"Arthropoda","Insecta","Hymenoptera","Formicidae","Terrestrial","ectotherm","Pogonomyrmex_rugosus","Lighton_&_Turner_2004",37.43787384,2.56212616,NA,0.280388760584549,40.3744495766181
"Prinerigone","vagans","max",35.9,"ct",-46.9,46.9,37.74,88,15,15,0.25,NA,"Arthropoda","Arachnida","Araneae","Linyphiidae","Terrestrial","ectotherm","Prinerigone_vagans","Jumbam_et_al_2008a",NA,NA,NA,0.280388760584549,31.6941685912318
"Prinerigone","vagans","min",-8.1,"ct",-46.9,46.9,37.74,88,15,15,0.25,NA,"Arthropoda","Arachnida","Araneae","Linyphiidae","Terrestrial","ectotherm","Prinerigone_vagans","Jumbam_et_al_2008a",NA,NA,NA,0.170907369055759,-10.6636105358364
"Proceratium","silaceum","max",40,"ct",35.78,35.78,-78.8,146,25,36,0.2,NA,"Arthropoda","Insecta","Hymenoptera","Formicidae","Terrestrial","ectotherm","Proceratium_silaceum","Diamond_et_al_2012",32.93321609,-7.93321609,NA,0.280388760584549,32.9902809853863
"Protobothrops","mucrosquamatus","max",38.2,"ct",23.83,23.83,121.03,700,20,20,0.25,NA,"Chordata","Lepidosauria","Squamata","Viperidae","Terrestrial","ectotherm","Protobothrops_mucrosquamatus","Huang_et_al_2007",31.81743622,-11.81743622,NA,0.280388760584549,32.592224788309
"Protobothrops","mucrosquamatus","min",5.3,"ct",23.83,23.83,121.03,700,20,20,0.25,NA,"Chordata","Lepidosauria","Squamata","Viperidae","Terrestrial","ectotherm","Protobothrops_mucrosquamatus","Huang_et_al_2007",9.681798935,10.31820107,NA,0.170907369055759,1.88185261888481
"Protothaca","thaca","max",28.1,"LT50",-36.5,36.5,-73.9,0,13,NA,NA,24,"Mollusca","Bivalvia","Veneroida","Veneridae","Marine","ectotherm","Protothaca_thaca","Urban_1994",18.27000046,-5.27000046,NA,0.280388760584549,24.4549461124009
"Psammodromus","algirus","max",43.5,"ct",40.55,40.55,-3.78,650,35,32.5,1,NA,"Chordata","Lepidosauria","Squamata","Lacertidae","Terrestrial","ectotherm","Psammodromus_algirus","Bauwens_et_al_1995",30.32651901,4.67348099,NA,0.280388760584549,33.6863933795408
"Psammodromus","algirus","min",7,"ct",40.6,40.6,-3.78,NA,NA,NA,NA,NA,"Chordata","Lepidosauria","Squamata","Lacertidae","Terrestrial","ectotherm","Psammodromus_algirus","Huey_unpubl_data_in_Huey_et_al_2012",-0.42670399,NA,NA,NA,NA
"Psammodromus","hispanicus","max",45.5,"ct",42.33,42.33,-1.63,315,35,32.5,1,NA,"Chordata","Lepidosauria","Squamata","Lacertidae","Terrestrial","ectotherm","Psammodromus_hispanicus","Bauwens_et_al_1995",29.52543831,5.47456169,NA,0.280388760584549,35.6863933795408
"Psammodromus","hispanicus","min",8.8,"ct",40.4,40.4,-1.63,NA,NA,NA,NA,NA,"Chordata","Lepidosauria","Squamata","Lacertidae","Terrestrial","ectotherm","Psammodromus_hispanicus","Huey_unpubl_data_in_Huey_et_al_2012",-0.648698628,NA,NA,NA,NA
"Pseudacris","cadaverina","max",36.8,"ct",34,34,-116.7,609.6,30,23,1,NA,"Chordata","Amphibia","Anura","Hylidae","Terrestrial","ectotherm","Pseudacris_cadaverina","Brattstrom_1968",38.66157913,-8.66157913,NA,0.280388760584549,28.3883371824635
"Pseudacris","cadaverina","min",-1.4,"LT50",34,34,-116.7,609.6,23,NA,NA,24,"Chordata","Amphibia","Anura","Hylidae","Terrestrial","ectotherm","Pseudacris_cadaverina","Brattstrom_1968",1.465982318,21.53401768,NA,0.170907369055759,-5.33086948828246
"Pseudacris","regilla","max",36.6,"ct",34,34,-117.7,304.8,30,23,1,NA,"Chordata","Amphibia","Anura","Hylidae","Terrestrial","ectotherm","Pseudacris_regilla","Brattstrom_1968",34.57215118,-4.57215118,NA,0.280388760584549,28.1883371824635
"Pseudacris","regilla","min",-1,"LT50",34,34,-117.7,304.8,23,NA,NA,24,"Chordata","Amphibia","Anura","Hylidae","Terrestrial","ectotherm","Pseudacris_regilla","Brattstrom_1968",1.797234893,21.20276511,NA,0.170907369055759,-4.93086948828246
"Pseudacris","triseriata","max",38.1,"ct",40.6,40.6,-105.83,3040,20,20,0.5,NA,"Chordata","Amphibia","Anura","Hylidae","Terrestrial","ectotherm","Pseudacris_triseriata","Miller_&_Packard_1977",25.71034813,-5.71034813,NA,0.280388760584549,32.492224788309
"Pseudechinus","huttoni","max",26.8,"ct",-45.4,45.4,167.1,0,26,18.7,0.017,NA,"Echinodermata","Echinoidea","Temnopleuroida","Temnopleuridae","Marine","ectotherm","Pseudechinus_huttoni","Morley_et_al_2016",18.27999878,7.72000122,NA,0.280388760584549,19.5098922248017
"Pseudechis","porphyriacus","min",3,"ct",-33.63,33.63,NA,1065,25,25,1,NA,"Chordata","Lepidosauria","Squamata","Elapidae","Terrestrial","ectotherm","Pseudechis_porphyriacus","Lillywhite_1980",NA,NA,NA,0.170907369055759,-1.27268422639398
"Pseudocordylus","melanotus","min",10.2,"ct",-26.47,26.47,28.23,1500,21,21,1,NA,"Chordata","Lepidosauria","Squamata","Cordylidae","Terrestrial","ectotherm","Pseudocordylus_melanotus","McConnachie_et_al_2007",-0.048925858,21.04892586,NA,0.170907369055759,6.61094524982905
"Pseudonaja","nuchalis","min",7,"ct",-23.7,23.7,NA,585,25,25,1,NA,"Chordata","Lepidosauria","Squamata","Elapidae","Terrestrial","ectotherm","Pseudonaja_nuchalis","Lillywhite_1980",NA,NA,NA,0.170907369055759,2.72731577360602
"Pseudophryne","corroboree","max",35.2,"ct",-36.39,36.39,148.43,1828.8,25,20,1,NA,"Chordata","Amphibia","Anura","Myobatrachidae","Terrestrial","ectotherm","Pseudophryne_corroboree","Brattstrom_1970",26.67256927,-1.67256927,NA,0.280388760584549,28.1902809853863
"Pseudophryne","dendyi","max",34.8,"ct",-30.51,30.51,151.66,1371.6,5,20,1,NA,"Chordata","Amphibia","Anura","Myobatrachidae","Terrestrial","ectotherm","Pseudophryne_dendyi","Brattstrom_1970",29.56103897,-24.56103897,NA,0.280388760584549,33.3980561970773
"Pseudotriton","ruber","max",35.3,"ct",37.4,37.4,-80.5,1158,21.5,NA,NA,NA,"Chordata","Amphibia","Caudata","Plethodontidae","Terrestrial","ectotherm","Pseudotriton_ruber","Zweifel_1957",30.00385284,-8.50385284,NA,0.280388760584549,29.2716416474322
"Rana","cascadae","max",33.6,"ct",40,40,-120.8,2133.6,30,23,1,NA,"Chordata","Amphibia","Anura","Ranidae","Terrestrial","ectotherm","Rana_cascadae","Brattstrom_1968",31.50704384,-1.50704384,NA,0.280388760584549,25.1883371824635
"Rana","cascadae","min",-1,"LT50",40,40,-120.8,2133.6,23,NA,NA,24,"Chordata","Amphibia","Anura","Ranidae","Terrestrial","ectotherm","Rana_cascadae","Brattstrom_1968",-3.294914722,26.29491472,NA,0.170907369055759,-4.93086948828246
"Rana","pretiosa","max",34.8,"ct",51,51,-121.5,609.6,30,23,1,NA,"Chordata","Amphibia","Anura","Ranidae","Terrestrial","ectotherm","Rana_pretiosa","Brattstrom_1968",23.18991661,6.81008339,NA,0.280388760584549,26.3883371824635
"Rana","pretiosa","min",-1,"LT50",51,51,-121.5,609.6,23,NA,NA,24,"Chordata","Amphibia","Anura","Ranidae","Terrestrial","ectotherm","Rana_pretiosa","Brattstrom_1968",-12.84217358,35.84217358,NA,0.170907369055759,-4.93086948828246
"Sceloporus","undulatus","max",40.4,"ct",33.6,33.6,-81.7,200,33,35,1,NA,"Chordata","Lepidosauria","Squamata","Iguanidae","Terrestrial","ectotherm","Sceloporus_undulatus","Angilletta_et_al_2002",34.02242661,-1.02242661,NA,0.280388760584549,31.1471709007099
"Sceloporus","undulatus","min",11.4,"ct",33.6,33.6,-81.7,200,20,15,1,NA,"Chordata","Lepidosauria","Squamata","Iguanidae","Terrestrial","ectotherm","Sceloporus_undulatus","Angilletta_et_al_2002",1.038202524,18.96179748,NA,0.170907369055759,7.98185261888482
"Scinax","staufferi","min",7.5,"LT50",15,15,NA,1219.2,23,NA,NA,24,"Chordata","Amphibia","Anura","Hylidae","Terrestrial","ectotherm","Scinax_staufferi","Brattstrom_1968",NA,NA,NA,0.170907369055759,3.56913051171754
"Scotina","gracilipes","max",41.4,"ct",55.4,55.4,14.19,3,15,15,0.5,NA,"Arthropoda","Arachnida","Araneae","Liocranidae","Terrestrial","ectotherm","Scotina_gracilipes","Almquist_1970",20.58191681,-5.58191681,NA,0.280388760584549,37.1941685912318
"Scotina","gracilipes","min",-6.9,"LT50",55.4,55.4,14.19,3,4,0.02,NA,72,"Arthropoda","Arachnida","Araneae","Liocranidae","Terrestrial","ectotherm","Scotina_gracilipes","Almquist_1970",-1.632228255,5.632228255,NA,0.170907369055759,-7.58362947622304
"Semele","solida","max",28.5,"LT50",-14.25,14.25,-76.2,0,16,NA,NA,24,"Mollusca","Bivalvia","Veneroida","Semelidae","Marine","ectotherm","Semele_solida","Urban_1994",25.26999855,-9.26999855,NA,0.280388760584549,24.0137798306472
"Spea","hammondii","max",40.3,"ct",30,30,-110.3,304.8,30,23,1,NA,"Chordata","Amphibia","Anura","Pelobatidae","Terrestrial","ectotherm","Spea_hammondii","Brattstrom_1968",37.48022079,-7.48022079,NA,0.280388760584549,31.8883371824635
"Spea","hammondii","min",0,"LT50",30,30,-110.3,304.8,23,NA,NA,24,"Chordata","Amphibia","Anura","Pelobatidae","Terrestrial","ectotherm","Spea_hammondii","Brattstrom_1968",2.942737341,20.05726266,NA,0.170907369055759,-3.93086948828246
"Sphenomorphus","incognitus","max",39.3,"ct",22.05,22.05,121.53,291,20,20,0.75,NA,"Chordata","Lepidosauria","Squamata","Scincidae","Terrestrial","ectotherm","Sphenomorphus_incognitus","Huang_et_al_2006",30.32381439,-10.32381439,NA,0.280388760584549,33.692224788309
"Sphenomorphus","incognitus","min",12,"ct",22.05,22.05,121.53,291,20,20,0.75,NA,"Chordata","Lepidosauria","Squamata","Scincidae","Terrestrial","ectotherm","Sphenomorphus_incognitus","Huang_et_al_2006",16.66363335,3.33636665,NA,0.170907369055759,8.58185261888481
"Sphenomorphus","indicus","max",37.6,"ct",30.27,30.27,120.15,17,28,28,0.25,NA,"Chordata","Lepidosauria","Squamata","Scincidae","Terrestrial","ectotherm","Sphenomorphus_indicus","Xiang_et_al_1996",31.90628052,-3.90628052,NA,0.280388760584549,29.7491147036326
"Sphenomorphus","indicus","min",3.1,"ct",30.27,30.27,120.15,17,28,28,0.25,NA,"Chordata","Lepidosauria","Squamata","Scincidae","Terrestrial","ectotherm","Sphenomorphus_indicus","Xiang_et_al_1996",-0.171070173,28.17107017,NA,0.170907369055759,-1.68540633356126
"Sphenomorphus","taiwanensis","max",37.4,"ct",24.17,24.17,121.3,2596,20,20,0.75,NA,"Chordata","Lepidosauria","Squamata","Scincidae","Terrestrial","ectotherm","Sphenomorphus_taiwanensis","Huang_et_al_2006",31.81743622,-11.81743622,NA,0.280388760584549,31.792224788309
"Sphenomorphus","taiwanensis","min",5.9,"ct",24.17,24.17,121.3,2596,20,20,0.75,NA,"Chordata","Lepidosauria","Squamata","Scincidae","Terrestrial","ectotherm","Sphenomorphus_taiwanensis","Huang_et_al_2006",9.681798935,10.31820107,NA,0.170907369055759,2.48185261888482
"Sphoeroides","maculatus","max",32.5,"LT50",40,40,-74,0,NA,NA,NA,72,"Chordata","Actinopteri","Tetraodontiformes","Tetraodontidae","Marine","ectotherm","Sphoeroides_maculatus","Hoff&Westman1966_in_Brett_1970",26.31999969,NA,NA,NA,NA
"Sphoeroides","maculatus","min",7.6,"LT50",40,40,-74,0,10,NA,NA,48,"Chordata","Actinopteri","Tetraodontiformes","Tetraodontidae","Marine","ectotherm","Sphoeroides_maculatus","Hoff&Westman1966_in_Brett_1970",2.629999876,7.370000124,NA,0.170907369055759,5.89092630944241
"Stemonyphantes","lineatus","max",40.5,"ct",55.4,55.4,14.19,3,15,15,0.5,NA,"Arthropoda","Arachnida","Araneae","Linyphiidae","Terrestrial","ectotherm","Stemonyphantes_lineatus","Almquist_1970",20.58191681,-5.58191681,NA,0.280388760584549,36.2941685912318
"Stemonyphantes","lineatus","min",-13.3,"LT50",56.4,56.4,14.19,3,4,0.02,NA,72,"Arthropoda","Arachnida","Araneae","Linyphiidae","Terrestrial","ectotherm","Stemonyphantes_lineatus","Almquist_1970",-3.509983778,7.509983778,NA,0.170907369055759,-13.983629476223
"Sterechinus","neumayeri","max",19.3,"ct",-77.85,77.85,166.67,0,26,-1.7,0.017,NA,"Echinodermata","Echinoidea","Echinoida","Echinidae","Marine","ectotherm","Sterechinus_neumayeri","Morley_et_al_2016",0,26,NA,0.280388760584549,12.0098922248017
"Takydromus","formosanus","max",43.3,"ct",25.15,25.15,121.55,0,20,20,0.75,NA,"Chordata","Lepidosauria","Squamata","Lacertidae","Terrestrial","ectotherm","Takydromus_formosanus","Huang_&_Tu_2008a",32.11955261,-12.11955261,NA,0.280388760584549,37.692224788309
"Takydromus","formosanus","min",5,"ct",25.12,25.12,121.55,1500,20,20,0.75,NA,"Chordata","Lepidosauria","Squamata","Lacertidae","Terrestrial","ectotherm","Takydromus_formosanus","Huang_&_Tu_2008b",9.957023621,10.04297638,NA,0.170907369055759,1.58185261888481
"Takydromus","hsuehshanensis","max",43.5,"ct",24.17,24.17,121.3,2596,20,20,0.75,NA,"Chordata","Lepidosauria","Squamata","Lacertidae","Terrestrial","ectotherm","Takydromus_hsuehshanensis","Huang_&_Tu_2008a",31.81743622,-11.81743622,NA,0.280388760584549,37.892224788309
"Takydromus","hsuehshanensis","min",2.5,"ct",23.91,23.91,121.3,2000,20,20,0.75,NA,"Chordata","Lepidosauria","Squamata","Lacertidae","Terrestrial","ectotherm","Takydromus_hsuehshanensis","Huang_&_Tu_2008b",9.681798935,10.31820107,NA,0.170907369055759,-0.918147381115185
"Takydromus","septentrionalis","max",44.5,"ct",30.72,30.72,122.45,NA,20,35,0.175,NA,"Chordata","Lepidosauria","Squamata","Lacertidae","Terrestrial","ectotherm","Takydromus_septentrionalis","Yang_et_al_2008",NA,NA,NA,0.280388760584549,38.892224788309
"Takydromus","septentrionalis","min",4.9,"ct",30.72,30.72,122.45,NA,20,20,0.175,NA,"Chordata","Lepidosauria","Squamata","Lacertidae","Terrestrial","ectotherm","Takydromus_septentrionalis","Yang_et_al_2008",NA,NA,NA,0.170907369055759,1.48185261888482
"Takydromus","sexlineatus","max",42.2,"ct",24.8,24.8,113.58,28,28,28,0.25,NA,"Chordata","Lepidosauria","Squamata","Lacertidae","Terrestrial","ectotherm","Takydromus_sexlineatus","Zhang_&_Ji_2004",32.91100311,-4.91100311,NA,0.280388760584549,34.3491147036326
"Takydromus","sexlineatus","min",6.4,"ct",24.8,24.8,113.58,28,28,28,0.25,NA,"Chordata","Lepidosauria","Squamata","Lacertidae","Terrestrial","ectotherm","Takydromus_sexlineatus","Zhang_&_Ji_2004",4.58836937,23.41163063,NA,0.170907369055759,1.61459366643874
"Takydromus","stejnegeri","max",43.4,"ct",25.15,25.15,121.55,0,20,20,0.75,NA,"Chordata","Lepidosauria","Squamata","Lacertidae","Terrestrial","ectotherm","Takydromus_stejnegeri","Huang_&_Tu_2008a",32.11955261,-12.11955261,NA,0.280388760584549,37.792224788309
"Takydromus","stejnegeri","min",5.7,"ct",25.12,25.12,121.55,1000,20,20,0.75,NA,"Chordata","Lepidosauria","Squamata","Lacertidae","Terrestrial","ectotherm","Takydromus_stejnegeri","Huang_&_Tu_2008b",9.957023621,10.04297638,NA,0.170907369055759,2.28185261888482
"Tarentola","boettgeri","max",42.1,"ct",28,28,-15.5,950,NA,23,NA,NA,"Chordata","Lepidosauria","Squamata","Phyllodactylidae","Terrestrial","ectotherm","Tarentola_boettgeri","Brown_1996",27.52679443,NA,NA,NA,NA
"Tarentola","boettgeri","min",7.1,"ct",28,28,-15.5,950,23,23,NA,NA,"Chordata","Lepidosauria","Squamata","Phyllodactylidae","Terrestrial","ectotherm","Tarentola_boettgeri","Brown_1996",14.73479843,8.26520157,NA,0.170907369055759,3.16913051171754
"Tautogolabrus","adspersus","max",30,"LT50",42,42,-70,0,20,NA,NA,48,"Chordata","Actinopteri","Perciformes","Labridae","Marine","ectotherm","Tautogolabrus_adspersus","Haugaard_&_Irving_1943_in_Brett_1970",22.04999924,-2.04999924,NA,0.280388760584549,24.392224788309
"Tautogolabrus","adspersus","min",0.6,"LT50",42,42,-70,0,2,NA,NA,48,"Chordata","Actinopteri","Perciformes","Labridae","Marine","ectotherm","Tautogolabrus_adspersus","Haugaard_&_Irving_1943_in_Brett_1970",2.450000048,-0.450000048,NA,0.170907369055759,0.258185261888481
"Teratoscincus","przewalskii","min",8.9,"ct",40.17,40.17,NA,1109,24,NA,NA,NA,"Chordata","Lepidosauria","Squamata","Sphaerodactylidae","Terrestrial","ectotherm","Teratoscincus_przewalskii","Autumn_et_al_1994",NA,NA,NA,0.170907369055759,4.79822314266178
"Tetramorium","caespitum","max",40,"ct",42.51,42.51,-72.21,232,25,36,0.2,NA,"Arthropoda","Insecta","Hymenoptera","Formicidae","Terrestrial","ectotherm","Tetramorium_caespitum","Diamond_et_al_2012",27.61415291,-2.61415291,NA,0.280388760584549,32.9902809853863
"Thalassoma","lucasanum","max",36,"ct",2.96,2.96,-78.2,0,26.5,26.5,0.017,NA,"Chordata","Actinopteri","Perciformes","Labridae","Marine","ectotherm","Thalassoma_lucasanum","Mora_&_Ospina_2001",29.89999962,-3.39999962,NA,0.280388760584549,28.5696978445095
"Thalassoma","lucasanum","min",16.3,"ct",2.96,2.96,-78.2,0,26.5,26.5,0.017,NA,"Chordata","Actinopteri","Perciformes","Labridae","Marine","ectotherm","Thalassoma_lucasanum","Mora_&_Ospina_2002",24.36999893,2.13000107,NA,0.170907369055759,11.7709547200224
"Thamnophis","butleri","min",5.8,"ct",42.27,42.27,NA,280,24,NA,NA,NA,"Chordata","Lepidosauria","Squamata","Colubridae","Terrestrial","ectotherm","Thamnophis_butleri","Doughty_1994",NA,NA,NA,0.170907369055759,1.69822314266178
"Thamnophis","elegans","max",43.1,"ct",40.8,40.8,-105.59,2600,23,22.5,NA,NA,"Chordata","Lepidosauria","Squamata","Colubridae","Terrestrial","ectotherm","Thamnophis_elegans","Scott_et_al_1982",28.63018799,-5.63018799,NA,0.280388760584549,36.6510585065554
"Thamnophis","elegans","min",2,"ct",40.56,40.56,-105.59,1556,NA,NA,NA,NA,"Chordata","Lepidosauria","Squamata","Colubridae","Terrestrial","ectotherm","Thamnophis_elegans","Huey_et_al_1989ab",-11.50941658,NA,NA,NA,NA
"Thamnophis","marcianus","min",5.7,"ct",32.25,32.25,NA,1272,24,NA,NA,NA,"Chordata","Lepidosauria","Squamata","Colubridae","Terrestrial","ectotherm","Thamnophis_marcianus","Doughty_1994",NA,NA,NA,0.170907369055759,1.59822314266178
"Thamnophis","melanogaster","min",6.1,"ct",20.25,20.25,NA,1563,24,NA,NA,NA,"Chordata","Lepidosauria","Squamata","Colubridae","Terrestrial","ectotherm","Thamnophis_melanogaster","Doughty_1994",NA,NA,NA,0.170907369055759,1.99822314266178
"Thamnophis","radix","min",4.6,"ct",45.41,45.41,-101.15,451,24,NA,NA,NA,"Chordata","Lepidosauria","Squamata","Colubridae","Terrestrial","ectotherm","Thamnophis_radix","Doughty_1994",-15.69841099,39.69841099,NA,0.170907369055759,0.498223142661777
"Tiliqua","rugosa","max",43,"ct",-30,30,150,331,35,35,1,NA,"Chordata","Lepidosauria","Squamata","Scincidae","Terrestrial","ectotherm","Tiliqua_rugosa","Bennett_&_John-Alder_1986",32.96734619,2.03265381,NA,0.280388760584549,33.1863933795408
"Tiliqua","rugosa","min",3.5,"ct",-30,30,150,331,15,15,1,NA,"Chordata","Lepidosauria","Squamata","Scincidae","Terrestrial","ectotherm","Tiliqua_rugosa","Bennett_&_John-Alder_1986",3.306652308,11.69334769,NA,0.170907369055759,0.936389464163611
"Tlalocohyla","smithii","max",42.5,"ct",22,22,-104.8,304.8,30,23,1,NA,"Chordata","Amphibia","Anura","Hylidae","Terrestrial","ectotherm","Tlalocohyla_smithii","Brattstrom_1968",32.73195267,-2.73195267,NA,0.280388760584549,34.0883371824635
"Tlalocohyla","smithii","min",5,"LT50",22,22,-104.8,304.8,23,NA,NA,24,"Chordata","Amphibia","Anura","Hylidae","Terrestrial","ectotherm","Tlalocohyla_smithii","Brattstrom_1968",10.27423286,12.72576714,NA,0.170907369055759,1.06913051171754
"Trachylepis","striata","max",44.5,"ct",-25.75,25.75,20.73,1219,NA,NA,NA,NA,"Chordata","Lepidosauria","Squamata","Scincidae","Terrestrial","ectotherm","Trachylepis_striata","Stebbins_1961",36.92285538,NA,NA,NA,NA
"Trachylepis","striata","min",15.7,"ct",-15.38,15.38,20.73,900,20,NA,NA,NA,"Chordata","Lepidosauria","Squamata","Scincidae","Terrestrial","ectotherm","Trachylepis_striata","Patterson_1991",7.364812374,12.63518763,NA,0.170907369055759,12.2818526188848
"Trachymyrmex","septentrionalis","max",41.2,"ct",35.78,35.78,-78.8,146,25,36,0.2,NA,"Arthropoda","Insecta","Hymenoptera","Formicidae","Terrestrial","ectotherm","Trachymyrmex_septentrionalis","Diamond_et_al_2012",32.93321609,-7.93321609,NA,0.280388760584549,34.1902809853863
"Trematomus","bernacchii","max",8,"LT50",-77.5,77.5,165,0,-1.9,NA,NA,430,"Chordata","Actinopteri","Perciformes","Nototheniidae","Marine","ectotherm","Trematomus_bernacchii","Somero_&_DeVries1967",0.01,-1.91,NA,0.280388760584549,8.53273864511064
"Trematomus","borchgrevinki","max",7,"LT50",-77.5,77.5,165,0,-1.9,NA,NA,NA,"Chordata","Actinopteri","Perciformes","Nototheniidae","Marine","ectotherm","Trematomus_borchgrevinki","Somero_&_DeVries1967",0.01,-1.91,NA,0.280388760584549,7.53273864511064
"Trematomus","hansoni","max",10,"LT50",-77.5,77.5,165,0,-1.9,NA,NA,60,"Chordata","Actinopteri","Perciformes","Nototheniidae","Marine","ectotherm","Trematomus_hansoni","Somero_&_DeVries1967",0.01,-1.91,NA,0.280388760584549,10.5327386451106
"Trimeresurus","gracilis","max",37.7,"ct",23.53,23.53,120.8,2482,20,20,0.25,NA,"Chordata","Lepidosauria","Squamata","Viperidae","Terrestrial","ectotherm","Trimeresurus_gracilis","Huang_et_al_2007",30.70067215,-10.70067215,NA,0.280388760584549,32.092224788309
"Trimeresurus","gracilis","min",4.7,"ct",23.53,23.53,120.8,2482,20,20,0.25,NA,"Chordata","Lepidosauria","Squamata","Viperidae","Terrestrial","ectotherm","Trimeresurus_gracilis","Huang_et_al_2007",13.64072227,6.35927773,NA,0.170907369055759,1.28185261888482
"Trimeresurus","stejnegeri","max",38,"ct",23.97,23.97,120.95,423,20,20,0.25,NA,"Chordata","Lepidosauria","Squamata","Viperidae","Terrestrial","ectotherm","Trimeresurus_stejnegeri","Huang_et_al_2007",31.81743622,-11.81743622,NA,0.280388760584549,32.392224788309
"Trimeresurus","stejnegeri","min",6.4,"ct",23.97,23.97,120.95,423,20,20,0.25,NA,"Chordata","Lepidosauria","Squamata","Viperidae","Terrestrial","ectotherm","Trimeresurus_stejnegeri","Huang_et_al_2007",9.681798935,10.31820107,NA,0.170907369055759,2.98185261888482
"Uta","stansburiana","max",43.7,"ct",40.56,40.56,-105.59,1658,25,NA,NA,NA,"Chordata","Lepidosauria","Squamata","Iguanidae","Terrestrial","ectotherm","Uta_stansburiana","Waldschmidt_&_Tracy_1983",28.63018799,-3.63018799,NA,0.280388760584549,36.6902809853863
"Uta","stansburiana","min",7.8,"ct",40.56,40.56,-105.59,1658,25,NA,NA,NA,"Chordata","Lepidosauria","Squamata","Iguanidae","Terrestrial","ectotherm","Uta_stansburiana","Waldschmidt_&_Tracy_1983",-11.50941658,36.50941658,NA,0.170907369055759,3.52731577360602
"Xantho","incisus","max",33.4,"ct",38,38,-9,0,24,24,0.017,NA,"Arthropoda","Malacostraca","Decapoda","Xanthidae","Intertidal","ectotherm","Xantho_incisus","Madeira_et_al_2011",22.84000015,1.15999985,NA,0.280388760584549,26.6706697459708
"Xantusia","vigilis","max",40.5,"ct",34.54,34.54,-117.29,840,20,20,1,NA,"Chordata","Lepidosauria","Squamata","Xantusiidae","Terrestrial","ectotherm","Xantusia_vigilis","Kaufmann_&_Bennett_1989",34.57215118,-14.57215118,NA,0.280388760584549,34.892224788309
"Xantusia","vigilis","min",4.5,"ct",34.54,34.54,-117.29,840,20,20,1,NA,"Chordata","Lepidosauria","Squamata","Xantusiidae","Terrestrial","ectotherm","Xantusia_vigilis","Kaufmann_&_Bennett_1989",1.797234893,18.20276511,NA,0.170907369055759,1.08185261888481
"Zoarces","viviparus","max",26.7,"ct",54.5,54.5,10.2,0,12,12,1,NA,"Chordata","Actinopteri","Perciformes","Zoarcidae","Marine","ectotherm","Zoarces_viviparus","Zakhartsev_et_al_2003",21.98999977,-9.98999977,NA,0.280388760584549,23.3353348729854
